-- Generated by Craft v2.6.2931 on Sep 21, 2016, 12:33:10 AM.

--
-- Disable foreign key checks and autocommit.
--

SET FOREIGN_KEY_CHECKS = 0;
SET SQL_MODE = "NO_AUTO_VALUE_ON_ZERO";
SET AUTOCOMMIT = 0;
SET NAMES utf8;


DROP TABLE IF EXISTS `craft_assetfiles`;


--
-- Schema for table `craft_assetfiles`
--
CREATE TABLE `craft_assetfiles` (
  `id` int(11) NOT NULL,
  `sourceId` int(11) DEFAULT NULL,
  `folderId` int(11) NOT NULL,
  `filename` varchar(255) COLLATE utf8_unicode_ci NOT NULL,
  `kind` varchar(50) COLLATE utf8_unicode_ci NOT NULL DEFAULT 'unknown',
  `width` int(11) unsigned DEFAULT NULL,
  `height` int(11) unsigned DEFAULT NULL,
  `size` bigint(20) unsigned DEFAULT NULL,
  `dateModified` datetime DEFAULT NULL,
  `dateCreated` datetime NOT NULL,
  `dateUpdated` datetime NOT NULL,
  `uid` char(36) COLLATE utf8_unicode_ci NOT NULL DEFAULT '0',
  PRIMARY KEY (`id`),
  UNIQUE KEY `craft_assetfiles_filename_folderId_unq_idx` (`filename`,`folderId`),
  KEY `craft_assetfiles_sourceId_fk` (`sourceId`),
  KEY `craft_assetfiles_folderId_fk` (`folderId`)
) ENGINE=InnoDB DEFAULT CHARSET=utf8 COLLATE=utf8_unicode_ci;

--
-- Data for table `craft_assetfiles`
--

INSERT INTO `craft_assetfiles` (`id`, `sourceId`, `folderId`, `filename`, `kind`, `width`, `height`, `size`, `dateModified`, `dateCreated`, `dateUpdated`, `uid`) VALUES
 ('74', '2', '57', '184x184.jpg', 'image', '184', '184', '9572', '2016-09-13 05:49:14', '2016-09-13 05:49:14', '2016-09-14 00:41:18', '39295e45-873f-4342-83eb-9666b32652c8'),
 ('75', '1', '59', '184x184.jpg', 'image', '184', '184', '9572', '2016-09-13 05:49:14', '2016-09-14 00:41:18', '2016-09-14 00:41:18', 'bdd5986d-025c-4c93-863d-1c9323a8356c');



DROP TABLE IF EXISTS `craft_assetfolders`;


--
-- Schema for table `craft_assetfolders`
--
CREATE TABLE `craft_assetfolders` (
  `id` int(11) NOT NULL AUTO_INCREMENT,
  `parentId` int(11) DEFAULT NULL,
  `sourceId` int(11) DEFAULT NULL,
  `name` varchar(255) COLLATE utf8_unicode_ci NOT NULL,
  `path` varchar(255) COLLATE utf8_unicode_ci DEFAULT NULL,
  `dateCreated` datetime NOT NULL,
  `dateUpdated` datetime NOT NULL,
  `uid` char(36) COLLATE utf8_unicode_ci NOT NULL DEFAULT '0',
  PRIMARY KEY (`id`),
  UNIQUE KEY `craft_assetfolders_name_parentId_sourceId_unq_idx` (`name`,`parentId`,`sourceId`),
  KEY `craft_assetfolders_parentId_fk` (`parentId`),
  KEY `craft_assetfolders_sourceId_fk` (`sourceId`)
) ENGINE=InnoDB AUTO_INCREMENT=60 DEFAULT CHARSET=utf8 COLLATE=utf8_unicode_ci;

--
-- Data for table `craft_assetfolders`
--

INSERT INTO `craft_assetfolders` (`id`, `parentId`, `sourceId`, `name`, `path`, `dateCreated`, `dateUpdated`, `uid`) VALUES
 ('1', NULL, '1', 'Images', '', '2016-08-15 07:29:46', '2016-08-15 07:29:46', '7472da6b-4e2a-4536-8c30-fc5ebfa7df95'),
 ('2', NULL, NULL, 'Temporary source', NULL, '2016-08-15 07:33:13', '2016-08-15 07:33:13', '3c47c8d1-b4c0-4b98-95d8-420b9eed0594'),
 ('3', '2', NULL, 'user_1', NULL, '2016-08-15 07:33:13', '2016-08-15 07:33:13', '40f2436f-eb6c-4087-8006-18c245b2cb9d'),
 ('4', '3', NULL, 'field_30', 'field_30/', '2016-08-15 07:33:13', '2016-08-15 07:33:13', '52197ad7-a63a-479b-b452-3ed661dc17b1'),
 ('10', '3', NULL, 'field_31', 'field_31/', '2016-08-15 07:45:06', '2016-08-15 07:45:06', '5ad0d2a7-9b15-4d6d-a0c1-5eb6cb3c8e58'),
 ('54', '1', '1', 'events', 'events/', '2016-08-15 09:29:54', '2016-08-15 09:29:54', 'c84f3d74-7a28-4135-baa3-5e7bde894af2'),
 ('55', '54', '1', 'mad-city-lan', 'events/mad-city-lan/', '2016-08-15 09:29:54', '2016-08-15 09:29:54', '24d73db4-68a3-464e-97a4-7c2a87327ea8'),
 ('56', '55', '1', 'gallery', 'events/mad-city-lan/gallery/', '2016-08-15 09:29:54', '2016-08-15 09:29:54', 'c238be43-0975-4e42-a133-65cffaf4f0bb'),
 ('57', NULL, '2', 'Logos', '', '2016-09-13 05:47:49', '2016-09-13 05:47:49', '24bc33dc-3d46-4c3e-889f-57d44721a781'),
 ('58', '3', NULL, 'field_36', 'field_36/', '2016-09-13 05:48:36', '2016-09-13 05:48:36', '6df05824-f110-4525-aeee-4a2e100c674c'),
 ('59', '1', '1', 'logos', 'logos/', '2016-09-14 00:41:18', '2016-09-14 00:41:18', 'f97976cf-9f65-45ad-bf01-191100312fc3');



DROP TABLE IF EXISTS `craft_assetindexdata`;


--
-- Schema for table `craft_assetindexdata`
--
CREATE TABLE `craft_assetindexdata` (
  `id` int(11) NOT NULL AUTO_INCREMENT,
  `sessionId` varchar(36) COLLATE utf8_unicode_ci NOT NULL DEFAULT '',
  `sourceId` int(10) NOT NULL,
  `offset` int(10) NOT NULL,
  `uri` text COLLATE utf8_unicode_ci,
  `size` varchar(255) COLLATE utf8_unicode_ci DEFAULT NULL,
  `recordId` int(10) DEFAULT NULL,
  `dateCreated` datetime NOT NULL,
  `dateUpdated` datetime NOT NULL,
  `uid` char(36) COLLATE utf8_unicode_ci NOT NULL DEFAULT '0',
  PRIMARY KEY (`id`),
  UNIQUE KEY `craft_assetindexdata_sessionId_sourceId_offset_unq_idx` (`sessionId`,`sourceId`,`offset`),
  KEY `craft_assetindexdata_sourceId_fk` (`sourceId`)
) ENGINE=InnoDB DEFAULT CHARSET=utf8 COLLATE=utf8_unicode_ci;

DROP TABLE IF EXISTS `craft_assetsources`;


--
-- Schema for table `craft_assetsources`
--
CREATE TABLE `craft_assetsources` (
  `id` int(11) NOT NULL AUTO_INCREMENT,
  `name` varchar(255) COLLATE utf8_unicode_ci NOT NULL,
  `handle` varchar(255) COLLATE utf8_unicode_ci NOT NULL,
  `type` varchar(150) COLLATE utf8_unicode_ci NOT NULL,
  `settings` text COLLATE utf8_unicode_ci,
  `sortOrder` smallint(6) unsigned DEFAULT NULL,
  `fieldLayoutId` int(10) DEFAULT NULL,
  `dateCreated` datetime NOT NULL,
  `dateUpdated` datetime NOT NULL,
  `uid` char(36) COLLATE utf8_unicode_ci NOT NULL DEFAULT '0',
  PRIMARY KEY (`id`),
  UNIQUE KEY `craft_assetsources_name_unq_idx` (`name`),
  UNIQUE KEY `craft_assetsources_handle_unq_idx` (`handle`),
  KEY `craft_assetsources_fieldLayoutId_fk` (`fieldLayoutId`)
) ENGINE=InnoDB AUTO_INCREMENT=3 DEFAULT CHARSET=utf8 COLLATE=utf8_unicode_ci;

--
-- Data for table `craft_assetsources`
--

INSERT INTO `craft_assetsources` (`id`, `name`, `handle`, `type`, `settings`, `sortOrder`, `fieldLayoutId`, `dateCreated`, `dateUpdated`, `uid`) VALUES
 ('1', 'Images', 'images', 'Local', '{\"path\":\"assets\\/images\\/\",\"publicURLs\":\"1\",\"url\":\"{baseUrl}assets\\/images\\/\"}', '1', '46', '2016-08-15 07:29:46', '2016-08-15 09:31:21', '1224f231-d65d-43f0-b58f-e56aac65095a'),
 ('2', 'Logos', 'logos', 'Local', '{\"path\":\"assets\\/images\\/logos\\/\",\"publicURLs\":\"1\",\"url\":\"assets\\/images\\/logos\\/\"}', '2', '57', '2016-09-13 05:47:49', '2016-09-13 05:54:03', '9518e653-48f9-4a94-8ab7-eaab257bb518');



DROP TABLE IF EXISTS `craft_assettransformindex`;


--
-- Schema for table `craft_assettransformindex`
--
CREATE TABLE `craft_assettransformindex` (
  `id` int(11) NOT NULL AUTO_INCREMENT,
  `fileId` int(11) NOT NULL,
  `filename` varchar(255) COLLATE utf8_unicode_ci DEFAULT NULL,
  `format` varchar(255) COLLATE utf8_unicode_ci DEFAULT NULL,
  `location` varchar(255) COLLATE utf8_unicode_ci NOT NULL,
  `sourceId` int(11) DEFAULT NULL,
  `fileExists` tinyint(1) DEFAULT NULL,
  `inProgress` tinyint(1) DEFAULT NULL,
  `dateIndexed` datetime DEFAULT NULL,
  `dateCreated` datetime NOT NULL,
  `dateUpdated` datetime NOT NULL,
  `uid` char(36) COLLATE utf8_unicode_ci NOT NULL DEFAULT '0',
  PRIMARY KEY (`id`),
  KEY `craft_assettransformindex_sourceId_fileId_location_idx` (`sourceId`,`fileId`,`location`)
) ENGINE=InnoDB DEFAULT CHARSET=utf8 COLLATE=utf8_unicode_ci;

DROP TABLE IF EXISTS `craft_assettransforms`;


--
-- Schema for table `craft_assettransforms`
--
CREATE TABLE `craft_assettransforms` (
  `id` int(11) NOT NULL AUTO_INCREMENT,
  `name` varchar(255) COLLATE utf8_unicode_ci NOT NULL,
  `handle` varchar(255) COLLATE utf8_unicode_ci NOT NULL,
  `mode` enum('stretch','fit','crop') COLLATE utf8_unicode_ci NOT NULL DEFAULT 'crop',
  `position` enum('top-left','top-center','top-right','center-left','center-center','center-right','bottom-left','bottom-center','bottom-right') COLLATE utf8_unicode_ci NOT NULL DEFAULT 'center-center',
  `height` int(10) DEFAULT NULL,
  `width` int(10) DEFAULT NULL,
  `format` varchar(255) COLLATE utf8_unicode_ci DEFAULT NULL,
  `quality` int(10) DEFAULT NULL,
  `dimensionChangeTime` datetime DEFAULT NULL,
  `dateCreated` datetime NOT NULL,
  `dateUpdated` datetime NOT NULL,
  `uid` char(36) COLLATE utf8_unicode_ci NOT NULL DEFAULT '0',
  PRIMARY KEY (`id`),
  UNIQUE KEY `craft_assettransforms_name_unq_idx` (`name`),
  UNIQUE KEY `craft_assettransforms_handle_unq_idx` (`handle`)
) ENGINE=InnoDB AUTO_INCREMENT=2 DEFAULT CHARSET=utf8 COLLATE=utf8_unicode_ci;

--
-- Data for table `craft_assettransforms`
--

INSERT INTO `craft_assettransforms` (`id`, `name`, `handle`, `mode`, `position`, `height`, `width`, `format`, `quality`, `dimensionChangeTime`, `dateCreated`, `dateUpdated`, `uid`) VALUES
 ('1', 'Gallery Thumbnail', 'gallerythumbnail', 'crop', 'center-center', '100', '140', 'jpg', '100', '2016-08-15 08:25:41', '2016-08-15 08:12:25', '2016-08-15 08:25:41', '6a29d25a-50a6-4eee-baa8-f32d6e82cfdb');



DROP TABLE IF EXISTS `craft_categories`;


--
-- Schema for table `craft_categories`
--
CREATE TABLE `craft_categories` (
  `id` int(11) NOT NULL,
  `groupId` int(11) NOT NULL,
  `dateCreated` datetime NOT NULL,
  `dateUpdated` datetime NOT NULL,
  `uid` char(36) COLLATE utf8_unicode_ci NOT NULL DEFAULT '0',
  PRIMARY KEY (`id`),
  KEY `craft_categories_groupId_fk` (`groupId`)
) ENGINE=InnoDB DEFAULT CHARSET=utf8 COLLATE=utf8_unicode_ci;

DROP TABLE IF EXISTS `craft_categorygroups`;


--
-- Schema for table `craft_categorygroups`
--
CREATE TABLE `craft_categorygroups` (
  `id` int(11) NOT NULL AUTO_INCREMENT,
  `structureId` int(11) NOT NULL,
  `fieldLayoutId` int(11) DEFAULT NULL,
  `name` varchar(255) COLLATE utf8_unicode_ci NOT NULL,
  `handle` varchar(255) COLLATE utf8_unicode_ci NOT NULL,
  `hasUrls` tinyint(1) unsigned NOT NULL DEFAULT '1',
  `template` varchar(500) COLLATE utf8_unicode_ci DEFAULT NULL,
  `dateCreated` datetime NOT NULL,
  `dateUpdated` datetime NOT NULL,
  `uid` char(36) COLLATE utf8_unicode_ci NOT NULL DEFAULT '0',
  PRIMARY KEY (`id`),
  UNIQUE KEY `craft_categorygroups_name_unq_idx` (`name`),
  UNIQUE KEY `craft_categorygroups_handle_unq_idx` (`handle`),
  KEY `craft_categorygroups_structureId_fk` (`structureId`),
  KEY `craft_categorygroups_fieldLayoutId_fk` (`fieldLayoutId`)
) ENGINE=InnoDB DEFAULT CHARSET=utf8 COLLATE=utf8_unicode_ci;

DROP TABLE IF EXISTS `craft_categorygroups_i18n`;


--
-- Schema for table `craft_categorygroups_i18n`
--
CREATE TABLE `craft_categorygroups_i18n` (
  `id` int(11) NOT NULL AUTO_INCREMENT,
  `groupId` int(11) NOT NULL,
  `locale` char(12) COLLATE utf8_unicode_ci NOT NULL,
  `urlFormat` text COLLATE utf8_unicode_ci,
  `nestedUrlFormat` text COLLATE utf8_unicode_ci,
  `dateCreated` datetime NOT NULL,
  `dateUpdated` datetime NOT NULL,
  `uid` char(36) COLLATE utf8_unicode_ci NOT NULL DEFAULT '0',
  PRIMARY KEY (`id`),
  UNIQUE KEY `craft_categorygroups_i18n_groupId_locale_unq_idx` (`groupId`,`locale`),
  KEY `craft_categorygroups_i18n_locale_fk` (`locale`)
) ENGINE=InnoDB DEFAULT CHARSET=utf8 COLLATE=utf8_unicode_ci;

DROP TABLE IF EXISTS `craft_content`;


--
-- Schema for table `craft_content`
--
CREATE TABLE `craft_content` (
  `id` int(11) NOT NULL AUTO_INCREMENT,
  `elementId` int(11) NOT NULL,
  `locale` char(12) COLLATE utf8_unicode_ci NOT NULL,
  `title` varchar(255) COLLATE utf8_unicode_ci DEFAULT NULL,
  `field_body` text COLLATE utf8_unicode_ci,
  `field_subtitle` text COLLATE utf8_unicode_ci,
  `field_location` text COLLATE utf8_unicode_ci,
  `field_locationgeo` text COLLATE utf8_unicode_ci,
  `field_spectatorcost` text COLLATE utf8_unicode_ci,
  `field_tournamentformat` text COLLATE utf8_unicode_ci,
  `field_tldr` text COLLATE utf8_unicode_ci,
  `field_twitchurl` text COLLATE utf8_unicode_ci,
  `field_eventnotice` text COLLATE utf8_unicode_ci,
  `field_starttime` datetime DEFAULT NULL,
  `field_alerttype` varchar(255) COLLATE utf8_unicode_ci DEFAULT 'twitch',
  `field_alerttoggle` tinyint(1) unsigned NOT NULL DEFAULT '0',
  `field_cashpot` text COLLATE utf8_unicode_ci,
  `field_shortlocation` text COLLATE utf8_unicode_ci,
  `dateCreated` datetime NOT NULL,
  `dateUpdated` datetime NOT NULL,
  `uid` char(36) COLLATE utf8_unicode_ci NOT NULL DEFAULT '0',
  PRIMARY KEY (`id`),
  UNIQUE KEY `craft_content_elementId_locale_unq_idx` (`elementId`,`locale`),
  KEY `craft_content_title_idx` (`title`),
  KEY `craft_content_locale_fk` (`locale`)
) ENGINE=InnoDB AUTO_INCREMENT=73 DEFAULT CHARSET=utf8 COLLATE=utf8_unicode_ci;

--
-- Data for table `craft_content`
--

INSERT INTO `craft_content` (`id`, `elementId`, `locale`, `title`, `field_body`, `field_subtitle`, `field_location`, `field_locationgeo`, `field_spectatorcost`, `field_tournamentformat`, `field_tldr`, `field_twitchurl`, `field_eventnotice`, `field_starttime`, `field_alerttype`, `field_alerttoggle`, `field_cashpot`, `field_shortlocation`, `dateCreated`, `dateUpdated`, `uid`) VALUES
 ('1', '1', 'en_us', NULL, NULL, NULL, NULL, NULL, NULL, NULL, NULL, NULL, NULL, NULL, 'twitch', '0', NULL, NULL, '2016-07-09 03:24:16', '2016-09-14 00:45:39', 'ad3af020-b8bc-4c34-afde-2f5f0eb607f9'),
 ('2', '2', 'en_us', 'Home', '<p>This is content for the homepage</p>', NULL, NULL, NULL, NULL, NULL, NULL, NULL, NULL, NULL, 'twitch', '0', NULL, NULL, '2016-07-09 03:24:17', '2016-08-15 05:45:19', 'd913c77e-da9e-4009-8075-30fab98a2f67'),
 ('3', '3', 'en_us', 'Mad City LAN', NULL, '', 'WIT Gaming\r\n481 N Commons Dr, Unit F\r\nAurora, Illinois', '41.7605850,-88.3200720', '', '', '', 'https://www.twitch.tv/madcitygg', '', '2016-01-01 16:00:00', 'twitch', '0', '$3,600', 'Aurora, IL', '2016-08-15 04:47:11', '2016-09-14 00:49:03', '3aca8519-672c-48a3-a84c-7cbaa9ade885'),
 ('4', '4', 'en_us', 'Mad City LAN 2', NULL, '', 'Auora, IL', '', '', '', '', '', '', NULL, 'twitch', '0', '', 'Auora, IL', '2016-08-15 04:48:06', '2016-09-14 00:49:59', 'b29c1e3f-deb3-428f-ad41-aea2b66c6d2b'),
 ('5', '5', 'en_us', 'Eric Boyer', NULL, NULL, NULL, NULL, NULL, NULL, NULL, NULL, NULL, NULL, 'twitch', '0', NULL, NULL, '2016-08-15 04:50:34', '2016-08-15 05:52:20', '20780756-9eda-4206-88a4-8e730223aa0d'),
 ('6', '6', 'en_us', 'Thane Woidan', NULL, NULL, NULL, NULL, NULL, NULL, NULL, NULL, NULL, NULL, 'twitch', '0', NULL, NULL, '2016-08-15 04:50:40', '2016-08-15 05:52:20', '6c8b3c8a-0786-4adb-88dd-0c0866a00f44'),
 ('7', '7', 'en_us', 'Jackson Wolf', NULL, NULL, NULL, NULL, NULL, NULL, NULL, NULL, NULL, NULL, 'twitch', '0', NULL, NULL, '2016-08-15 04:50:52', '2016-08-15 05:52:21', '14f50c71-f8f1-45bd-876e-05010df117f0'),
 ('8', '8', 'en_us', 'MidwestLAN 2016 .reboot', NULL, '', 'Madison, WI', '', '', '', '', '', '', NULL, 'twitch', '0', '', 'Madison, WI', '2016-08-15 04:51:29', '2016-09-14 00:50:19', 'd3049909-0cb6-4533-877d-cbfa9a8af7e3'),
 ('13', '13', 'en_us', 'de_dust2', NULL, NULL, NULL, NULL, NULL, NULL, NULL, NULL, NULL, NULL, 'twitch', '0', NULL, NULL, '2016-08-15 05:04:02', '2016-08-15 05:04:02', 'dcd177c3-46f3-4409-b439-51f87a9c9fee'),
 ('14', '14', 'en_us', 'de_cache', NULL, NULL, NULL, NULL, NULL, NULL, NULL, NULL, NULL, NULL, 'twitch', '0', NULL, NULL, '2016-08-15 05:04:06', '2016-08-15 05:04:06', 'a8108345-948a-4f42-bdac-3b7fa78c91aa'),
 ('15', '15', 'en_us', 'de_train', NULL, NULL, NULL, NULL, NULL, NULL, NULL, NULL, NULL, NULL, 'twitch', '0', NULL, NULL, '2016-08-15 05:04:08', '2016-08-15 05:04:08', '9178c4c6-27f7-4ceb-94bc-682b91707e86'),
 ('16', '16', 'en_us', 'de_cbble', NULL, NULL, NULL, NULL, NULL, NULL, NULL, NULL, NULL, NULL, 'twitch', '0', NULL, NULL, '2016-08-15 05:04:47', '2016-08-15 05:04:47', '4d670b70-84fb-4ffc-b264-8c08d50cf918'),
 ('17', '17', 'en_us', 'de_mirage', NULL, NULL, NULL, NULL, NULL, NULL, NULL, NULL, NULL, NULL, 'twitch', '0', NULL, NULL, '2016-08-15 05:04:58', '2016-08-15 05:04:58', 'ad64e33f-b1ba-42a5-a763-6a96daaa0a8e'),
 ('18', '18', 'en_us', 'de_nuke', NULL, NULL, NULL, NULL, NULL, NULL, NULL, NULL, NULL, NULL, 'twitch', '0', NULL, NULL, '2016-08-15 05:05:04', '2016-08-15 05:05:04', '0b5587ab-e957-467b-8953-6f0e2335e442'),
 ('19', '19', 'en_us', 'de_overpass', NULL, NULL, NULL, NULL, NULL, NULL, NULL, NULL, NULL, NULL, 'twitch', '0', NULL, NULL, '2016-08-15 05:05:06', '2016-08-15 05:05:06', 'a289116c-d937-4d29-8c8a-eb3de3c05b42'),
 ('56', '69', 'en_us', NULL, NULL, NULL, NULL, NULL, NULL, NULL, NULL, 'https://twitch.tv/madcitygg', NULL, NULL, 'twitch', '1', NULL, NULL, '2016-09-13 04:28:13', '2016-09-14 02:08:55', 'c5b7fc78-7585-4460-97af-edd238db2404'),
 ('60', '73', 'en_us', 'RTZ CS:GO 5v5 LAN', NULL, '', ' Oklahoma City, OK', '', '', '', '', '', '', NULL, 'twitch', '0', '', ' Oklahoma City, OK', '2016-09-13 04:52:34', '2016-09-14 00:50:40', '5278d8d5-203e-4a1b-aee2-a2b698eba7b3'),
 ('61', '74', 'en_us', '184X184', NULL, NULL, NULL, NULL, NULL, NULL, NULL, NULL, NULL, NULL, 'twitch', '0', NULL, NULL, '2016-09-13 05:49:14', '2016-09-14 00:41:18', '867eff42-9b14-4067-9468-6ad7e237e01b'),
 ('62', '75', 'en_us', '184X184', NULL, NULL, NULL, NULL, NULL, NULL, NULL, NULL, NULL, NULL, 'twitch', '0', NULL, NULL, '2016-09-14 00:41:18', '2016-09-14 00:41:18', '667e30a8-f9d7-4f7f-9271-0372d1c3f307'),
 ('63', '76', 'en_us', 'Mad City', NULL, NULL, NULL, NULL, NULL, NULL, NULL, NULL, NULL, NULL, 'twitch', '0', NULL, NULL, '2016-09-14 00:48:52', '2016-09-14 00:54:51', '1a44cf8b-f3ca-4136-93af-0e53e91ab3d0'),
 ('64', '77', 'en_us', 'Midwest', NULL, NULL, NULL, NULL, NULL, NULL, NULL, NULL, NULL, NULL, 'twitch', '0', NULL, NULL, '2016-09-14 00:48:56', '2016-09-14 00:53:33', '1c8b32df-837c-4752-95b9-8b49d933b5a4'),
 ('65', '78', 'en_us', 'NON-BYOC', NULL, NULL, NULL, NULL, NULL, NULL, NULL, NULL, NULL, NULL, 'twitch', '0', NULL, NULL, '2016-09-14 00:49:01', '2016-09-14 00:49:01', '7e97a349-ace6-45a8-8c9d-2de9197e7660'),
 ('66', '79', 'en_us', 'MWL', NULL, NULL, NULL, NULL, NULL, NULL, NULL, NULL, NULL, NULL, 'twitch', '0', NULL, NULL, '2016-09-14 00:50:04', '2016-09-14 00:50:04', '7e217958-ad97-4fe9-a6f3-eae9e653e3bd'),
 ('67', '80', 'en_us', 'BYOC', NULL, NULL, NULL, NULL, NULL, NULL, NULL, NULL, NULL, NULL, 'twitch', '0', NULL, NULL, '2016-09-14 00:50:17', '2016-09-14 00:50:17', '6d444738-5a15-412b-865f-6d02c3d31e70'),
 ('68', '81', 'en_us', 'RTZ', NULL, NULL, NULL, NULL, NULL, NULL, NULL, NULL, NULL, NULL, 'twitch', '0', NULL, NULL, '2016-09-14 00:50:25', '2016-09-14 00:50:25', '0cddb04d-8ec4-41bb-8b04-3e88bf570abf'),
 ('69', '82', 'en_us', 'South', NULL, NULL, NULL, NULL, NULL, NULL, NULL, NULL, NULL, NULL, 'twitch', '0', NULL, NULL, '2016-09-14 00:50:28', '2016-09-14 00:50:28', 'c45cabb3-f537-4094-80da-b1ed887f6996'),
 ('70', '83', 'en_us', 'Northeast', NULL, NULL, NULL, NULL, NULL, NULL, NULL, NULL, NULL, NULL, 'twitch', '0', NULL, NULL, '2016-09-14 00:53:43', '2016-09-14 00:53:43', 'c9dd2a3f-8325-42eb-86b4-10e90c95874c'),
 ('71', '84', 'en_us', 'West', NULL, NULL, NULL, NULL, NULL, NULL, NULL, NULL, NULL, NULL, 'twitch', '0', NULL, NULL, '2016-09-14 00:53:52', '2016-09-14 00:53:52', '6c0b705e-2b79-4b7a-9ac6-32e41cfbe9a5'),
 ('72', '85', 'en_us', 'Online', NULL, NULL, NULL, NULL, NULL, NULL, NULL, NULL, NULL, NULL, 'twitch', '0', NULL, NULL, '2016-09-14 00:54:02', '2016-09-14 00:54:02', '3c935100-9be8-43ba-96ef-8cb7de5aac8d');



DROP TABLE IF EXISTS `craft_deprecationerrors`;


--
-- Schema for table `craft_deprecationerrors`
--
CREATE TABLE `craft_deprecationerrors` (
  `id` int(11) NOT NULL AUTO_INCREMENT,
  `key` varchar(255) COLLATE utf8_unicode_ci NOT NULL,
  `fingerprint` varchar(255) COLLATE utf8_unicode_ci NOT NULL,
  `lastOccurrence` datetime NOT NULL,
  `file` varchar(255) COLLATE utf8_unicode_ci NOT NULL,
  `line` smallint(6) unsigned NOT NULL,
  `class` varchar(255) COLLATE utf8_unicode_ci DEFAULT NULL,
  `method` varchar(255) COLLATE utf8_unicode_ci DEFAULT NULL,
  `template` varchar(255) COLLATE utf8_unicode_ci DEFAULT NULL,
  `templateLine` smallint(6) unsigned DEFAULT NULL,
  `message` varchar(255) COLLATE utf8_unicode_ci DEFAULT NULL,
  `traces` text COLLATE utf8_unicode_ci,
  `dateCreated` datetime NOT NULL,
  `dateUpdated` datetime NOT NULL,
  `uid` char(36) COLLATE utf8_unicode_ci NOT NULL DEFAULT '0',
  PRIMARY KEY (`id`),
  UNIQUE KEY `craft_deprecationerrors_key_fingerprint_unq_idx` (`key`,`fingerprint`)
) ENGINE=InnoDB DEFAULT CHARSET=utf8 COLLATE=utf8_unicode_ci;

DROP TABLE IF EXISTS `craft_elementindexsettings`;


--
-- Schema for table `craft_elementindexsettings`
--
CREATE TABLE `craft_elementindexsettings` (
  `id` int(11) NOT NULL AUTO_INCREMENT,
  `type` varchar(150) COLLATE utf8_unicode_ci NOT NULL,
  `settings` text COLLATE utf8_unicode_ci,
  `dateCreated` datetime NOT NULL,
  `dateUpdated` datetime NOT NULL,
  `uid` char(36) COLLATE utf8_unicode_ci NOT NULL DEFAULT '0',
  PRIMARY KEY (`id`),
  UNIQUE KEY `craft_elementindexsettings_type_unq_idx` (`type`)
) ENGINE=InnoDB AUTO_INCREMENT=6 DEFAULT CHARSET=utf8 COLLATE=utf8_unicode_ci;

--
-- Data for table `craft_elementindexsettings`
--

INSERT INTO `craft_elementindexsettings` (`id`, `type`, `settings`, `dateCreated`, `dateUpdated`, `uid`) VALUES
 ('1', 'Entry', '{\"sources\":{\"singles\":{\"tableAttributes\":{\"1\":\"link\"}},\"section:2\":{\"tableAttributes\":{\"1\":\"field:25\",\"2\":\"field:3\",\"3\":\"link\",\"4\":\"slug\",\"5\":\"field:4\",\"6\":\"field:6\"}},\"section:3\":{\"tableAttributes\":{\"1\":\"link\"}},\"*\":{\"tableAttributes\":{\"1\":\"section\",\"2\":\"postDate\",\"3\":\"expiryDate\",\"4\":\"link\"}}}}', '2016-08-15 05:49:46', '2016-09-13 04:49:57', 'c4118316-8ca4-4b50-8f86-05f8deac1a50'),
 ('5', 'Asset', '{\"sources\":{\"folder:1\":{\"tableAttributes\":{\"1\":\"filename\",\"2\":\"size\",\"3\":\"dateModified\",\"4\":\"imageSize\",\"5\":\"width\",\"6\":\"height\",\"7\":\"kind\"}}}}', '2016-08-15 07:35:45', '2016-08-15 07:35:52', 'd2665386-42ed-46ca-8e7b-91b6c13667ea');



DROP TABLE IF EXISTS `craft_elements`;


--
-- Schema for table `craft_elements`
--
CREATE TABLE `craft_elements` (
  `id` int(11) NOT NULL AUTO_INCREMENT,
  `type` varchar(150) COLLATE utf8_unicode_ci NOT NULL,
  `enabled` tinyint(1) unsigned NOT NULL DEFAULT '1',
  `archived` tinyint(1) unsigned NOT NULL DEFAULT '0',
  `dateCreated` datetime NOT NULL,
  `dateUpdated` datetime NOT NULL,
  `uid` char(36) COLLATE utf8_unicode_ci NOT NULL DEFAULT '0',
  PRIMARY KEY (`id`),
  KEY `craft_elements_type_idx` (`type`),
  KEY `craft_elements_enabled_idx` (`enabled`),
  KEY `craft_elements_archived_dateCreated_idx` (`archived`,`dateCreated`)
) ENGINE=InnoDB AUTO_INCREMENT=86 DEFAULT CHARSET=utf8 COLLATE=utf8_unicode_ci;

--
-- Data for table `craft_elements`
--

INSERT INTO `craft_elements` (`id`, `type`, `enabled`, `archived`, `dateCreated`, `dateUpdated`, `uid`) VALUES
 ('1', 'User', '1', '0', '2016-07-09 03:24:16', '2016-09-14 00:45:39', '4a3a5ef6-84fc-4580-b336-f9d2a5b40873'),
 ('2', 'Entry', '1', '0', '2016-07-09 03:24:17', '2016-08-15 05:45:19', '48364993-f063-443d-8731-35c11a083967'),
 ('3', 'Entry', '1', '0', '2016-08-15 04:47:11', '2016-09-14 00:49:03', '91ecaa21-6966-4a4f-b6c7-f8d2ca338958'),
 ('4', 'Entry', '1', '0', '2016-08-15 04:48:06', '2016-09-14 00:49:59', '79d47fa0-0cea-4851-bd9a-5d996490f9ce'),
 ('5', 'Entry', '1', '0', '2016-08-15 04:50:34', '2016-08-15 05:52:20', '712d32f4-d612-4c64-8936-5ef8be71d2a1'),
 ('6', 'Entry', '1', '0', '2016-08-15 04:50:40', '2016-08-15 05:52:20', '2051c01a-d44c-420c-9f11-ef1782307867'),
 ('7', 'Entry', '1', '0', '2016-08-15 04:50:52', '2016-08-15 05:52:20', '6144f5f3-2d38-486d-b22e-1b2294303720'),
 ('8', 'Entry', '1', '0', '2016-08-15 04:51:29', '2016-09-14 00:50:19', '78726474-d8d8-4ae7-b631-068bb9f656f7'),
 ('13', 'Tag', '1', '0', '2016-08-15 05:04:02', '2016-08-15 05:04:02', '1e1e2f88-d520-4327-ab48-3b6c47baeb3e'),
 ('14', 'Tag', '1', '0', '2016-08-15 05:04:06', '2016-08-15 05:04:06', '8c12a9aa-c622-4453-a384-cf62bc99ec0c'),
 ('15', 'Tag', '1', '0', '2016-08-15 05:04:08', '2016-08-15 05:04:08', '35c199cb-1723-42cc-b88d-5194b534671f'),
 ('16', 'Tag', '1', '0', '2016-08-15 05:04:47', '2016-08-15 05:04:47', '05c14b68-77bc-4f4a-a7e1-70c7f303c7b3'),
 ('17', 'Tag', '1', '0', '2016-08-15 05:04:58', '2016-08-15 05:04:58', '942748d9-1b49-464b-b403-9520376fcc6f'),
 ('18', 'Tag', '1', '0', '2016-08-15 05:05:04', '2016-08-15 05:05:04', '01bfabb4-27ab-4a28-9ba8-3d78a78ecedd'),
 ('19', 'Tag', '1', '0', '2016-08-15 05:05:06', '2016-08-15 05:05:06', '973933f0-d740-44e2-8ba1-7c12aaaf1015'),
 ('20', 'MatrixBlock', '1', '0', '2016-08-15 05:12:24', '2016-09-14 00:49:03', '5e3a670f-e91f-43a3-90d6-d21083a0a6ac'),
 ('21', 'MatrixBlock', '1', '0', '2016-08-15 05:12:24', '2016-09-14 00:49:03', 'aae868a0-cb22-40d3-a1d6-4b74a76c3c0f'),
 ('22', 'MatrixBlock', '1', '0', '2016-08-15 05:12:24', '2016-09-14 00:49:03', 'd40fdcf4-a77d-40f6-9784-cc47f304dc4e'),
 ('23', 'MatrixBlock', '1', '0', '2016-08-15 05:37:11', '2016-09-14 00:49:03', '4f49aa78-44a4-45f8-b0c1-9f710cd1307a'),
 ('24', 'MatrixBlock', '1', '0', '2016-08-15 05:37:11', '2016-09-14 00:49:03', '5425a26f-729d-42c5-8911-4e1e9eeef4eb'),
 ('25', 'MatrixBlock', '1', '0', '2016-08-15 05:37:11', '2016-09-14 00:49:03', '3b68c5f3-6b89-4b68-bf45-548886de1ce5'),
 ('26', 'MatrixBlock', '1', '0', '2016-08-15 05:37:11', '2016-09-14 00:49:03', 'd53101f2-5b96-4331-9e14-9f9eedd2920a'),
 ('27', 'MatrixBlock', '1', '0', '2016-08-15 05:37:11', '2016-09-14 00:49:03', '2d7b1605-6447-4a85-bca2-d00a9048c3eb'),
 ('28', 'MatrixBlock', '1', '0', '2016-08-15 05:37:11', '2016-09-14 00:49:03', 'cbc0aa13-dbf7-4990-aa78-09cf49b1fb67'),
 ('29', 'MatrixBlock', '1', '0', '2016-08-15 06:19:28', '2016-09-14 00:49:03', '41017f58-6eaf-4362-9bf9-efe393fd7e4a'),
 ('30', 'MatrixBlock', '1', '0', '2016-08-15 06:23:57', '2016-09-14 00:49:03', '044c7935-7396-4aab-a962-1ac414bea88d'),
 ('31', 'MatrixBlock', '1', '0', '2016-08-15 06:23:57', '2016-09-14 00:49:03', '0e94c016-0fc8-4d87-8ad9-465cf7d333b3'),
 ('32', 'MatrixBlock', '1', '0', '2016-08-15 07:26:05', '2016-09-14 00:49:03', '26a42c33-baf6-42af-85b5-691b5a1d1852'),
 ('69', 'GlobalSet', '1', '0', '2016-09-13 04:28:13', '2016-09-14 02:08:55', 'c97f298f-872e-4d3f-9ec4-2e4e0ac5d2bf'),
 ('73', 'Entry', '1', '0', '2016-09-13 04:52:34', '2016-09-14 00:50:40', '514cce62-755a-4c50-9806-3ace2ff83466'),
 ('74', 'Asset', '1', '0', '2016-09-13 05:49:14', '2016-09-14 00:41:18', '55036fbc-662a-4c03-8482-dafc8a2d5ccc'),
 ('75', 'Asset', '1', '0', '2016-09-14 00:41:18', '2016-09-14 00:41:18', 'e444214f-a2a1-4982-aa27-b3638f4e51cd'),
 ('76', 'Tag', '1', '0', '2016-09-14 00:48:52', '2016-09-14 00:54:51', '9a1164d7-caf8-445d-bbce-31a74bb14125'),
 ('77', 'Tag', '1', '0', '2016-09-14 00:48:56', '2016-09-14 00:53:33', '4132f292-32bb-4d93-9e2f-5c5b11914f3c'),
 ('78', 'Tag', '1', '0', '2016-09-14 00:49:01', '2016-09-14 00:49:01', '583c1a0e-b612-46a5-8922-30369eb98a63'),
 ('79', 'Tag', '1', '0', '2016-09-14 00:50:04', '2016-09-14 00:50:04', '8d31388e-2645-4333-8a3b-18f480932636'),
 ('80', 'Tag', '1', '0', '2016-09-14 00:50:17', '2016-09-14 00:50:17', 'ff9c95da-bdd2-4c9c-a972-94c5b48ca8e1'),
 ('81', 'Tag', '1', '0', '2016-09-14 00:50:25', '2016-09-14 00:50:25', '22466b09-f28e-47e0-be76-da2e448f54d9'),
 ('82', 'Tag', '1', '0', '2016-09-14 00:50:28', '2016-09-14 00:50:28', '798cfc0d-5838-40e6-8d3d-5e40ec3e72fc'),
 ('83', 'Tag', '1', '0', '2016-09-14 00:53:43', '2016-09-14 00:53:43', '111ae8e2-3033-4a70-afb3-b7a6e3d9c935'),
 ('84', 'Tag', '1', '0', '2016-09-14 00:53:52', '2016-09-14 00:53:52', '90aab568-afeb-4f29-9c3e-946272bc5f08'),
 ('85', 'Tag', '1', '0', '2016-09-14 00:54:02', '2016-09-14 00:54:02', '21bc7886-44c3-42d5-8f5c-ba57a1ba248c');



DROP TABLE IF EXISTS `craft_elements_i18n`;


--
-- Schema for table `craft_elements_i18n`
--
CREATE TABLE `craft_elements_i18n` (
  `id` int(11) NOT NULL AUTO_INCREMENT,
  `elementId` int(11) NOT NULL,
  `locale` char(12) COLLATE utf8_unicode_ci NOT NULL,
  `slug` varchar(255) COLLATE utf8_unicode_ci DEFAULT NULL,
  `uri` varchar(255) COLLATE utf8_unicode_ci DEFAULT NULL,
  `enabled` tinyint(1) unsigned NOT NULL DEFAULT '1',
  `dateCreated` datetime NOT NULL,
  `dateUpdated` datetime NOT NULL,
  `uid` char(36) COLLATE utf8_unicode_ci NOT NULL DEFAULT '0',
  PRIMARY KEY (`id`),
  UNIQUE KEY `craft_elements_i18n_elementId_locale_unq_idx` (`elementId`,`locale`),
  UNIQUE KEY `craft_elements_i18n_uri_locale_unq_idx` (`uri`,`locale`),
  KEY `craft_elements_i18n_slug_locale_idx` (`slug`,`locale`),
  KEY `craft_elements_i18n_enabled_idx` (`enabled`),
  KEY `craft_elements_i18n_locale_fk` (`locale`)
) ENGINE=InnoDB AUTO_INCREMENT=86 DEFAULT CHARSET=utf8 COLLATE=utf8_unicode_ci;

--
-- Data for table `craft_elements_i18n`
--

INSERT INTO `craft_elements_i18n` (`id`, `elementId`, `locale`, `slug`, `uri`, `enabled`, `dateCreated`, `dateUpdated`, `uid`) VALUES
 ('1', '1', 'en_us', '', NULL, '1', '2016-07-09 03:24:16', '2016-09-14 00:45:39', '44c57789-0870-4d1c-9f42-a33896faa52c'),
 ('2', '2', 'en_us', 'homepage', '__home__', '1', '2016-07-09 03:24:17', '2016-08-15 05:45:19', 'e954a566-f2b6-4f1a-9cf8-f796a4c5481e'),
 ('3', '3', 'en_us', 'mad-city-lan', 'events/mad-city-lan', '1', '2016-08-15 04:47:11', '2016-09-14 00:49:03', '7a180817-929c-4672-be22-04f324ac92ce'),
 ('4', '4', 'en_us', 'mad-city-lan-2', 'events/mad-city-lan-2', '1', '2016-08-15 04:48:06', '2016-09-14 00:49:59', '9d6760f8-1ff4-4342-898f-d7f523b2a2ed'),
 ('5', '5', 'en_us', 'eric-boyer', NULL, '1', '2016-08-15 04:50:34', '2016-08-15 05:52:20', '710ff5e5-5e6b-46d8-a58e-00ac3d7338d2'),
 ('6', '6', 'en_us', 'thane-woidan', NULL, '1', '2016-08-15 04:50:40', '2016-08-15 05:52:20', '213ffbc7-648f-430f-92f8-bcb1fc9bec13'),
 ('7', '7', 'en_us', 'jackson-wolf', NULL, '1', '2016-08-15 04:50:52', '2016-08-15 05:52:21', '967b115d-118b-480d-8f09-367edb0932de'),
 ('8', '8', 'en_us', 'midwestlan-2016-reboot', 'events/midwestlan-2016-reboot', '1', '2016-08-15 04:51:29', '2016-09-14 00:50:19', 'a058a456-0881-4638-8050-c5ff78299faa'),
 ('13', '13', 'en_us', 'de-dust2', NULL, '1', '2016-08-15 05:04:02', '2016-08-15 05:04:02', '9b8064eb-826e-4d7f-b4d3-35a635432059'),
 ('14', '14', 'en_us', 'de-cache', NULL, '1', '2016-08-15 05:04:06', '2016-08-15 05:04:06', 'ef300da6-ccca-4244-ab41-8e5972984b9f'),
 ('15', '15', 'en_us', 'de-train', NULL, '1', '2016-08-15 05:04:08', '2016-08-15 05:04:08', 'f6f2982f-575a-48f9-a235-9f70b6dcd36a'),
 ('16', '16', 'en_us', 'de-cbble', NULL, '1', '2016-08-15 05:04:47', '2016-08-15 05:04:47', '49fae250-923b-4054-a362-ade546064ee5'),
 ('17', '17', 'en_us', 'de-mirage', NULL, '1', '2016-08-15 05:04:58', '2016-08-15 05:04:58', '589e19d5-8892-4123-a6d4-afd8d8347525'),
 ('18', '18', 'en_us', 'de-nuke', NULL, '1', '2016-08-15 05:05:04', '2016-08-15 05:05:04', 'f64ba410-719c-4ba5-a974-a5320aa65ba9'),
 ('19', '19', 'en_us', 'de-overpass', NULL, '1', '2016-08-15 05:05:06', '2016-08-15 05:05:06', '797e037d-fcc9-4eec-9c41-08967e7d15eb'),
 ('20', '20', 'en_us', '', NULL, '1', '2016-08-15 05:12:24', '2016-09-14 00:49:03', 'e40e9b09-4014-488d-aea9-a95f6145c26a'),
 ('21', '21', 'en_us', '', NULL, '1', '2016-08-15 05:12:24', '2016-09-14 00:49:03', '43028e14-2874-4f73-91dd-bc5ee94d2238'),
 ('22', '22', 'en_us', '', NULL, '1', '2016-08-15 05:12:24', '2016-09-14 00:49:03', '0c58bd52-d420-4438-8f3a-8a6c6e4baf53'),
 ('23', '23', 'en_us', '', NULL, '1', '2016-08-15 05:37:11', '2016-09-14 00:49:03', 'ea72794e-8d9d-41cc-83ae-94726f9639e5'),
 ('24', '24', 'en_us', '', NULL, '1', '2016-08-15 05:37:11', '2016-09-14 00:49:03', '702d00ee-bacb-448b-a08e-d906e7cae44f'),
 ('25', '25', 'en_us', '', NULL, '1', '2016-08-15 05:37:11', '2016-09-14 00:49:03', '8e8cae78-d497-44fc-9cd1-38623afc5ca4'),
 ('26', '26', 'en_us', '', NULL, '1', '2016-08-15 05:37:11', '2016-09-14 00:49:03', '6f419e4d-0edf-457f-b2c7-f503a4114c5f'),
 ('27', '27', 'en_us', '', NULL, '1', '2016-08-15 05:37:11', '2016-09-14 00:49:03', '06168c01-8955-4bf5-a44e-3b5f61135a8f'),
 ('28', '28', 'en_us', '', NULL, '1', '2016-08-15 05:37:11', '2016-09-14 00:49:03', 'ae98dcbf-f40e-42d4-b9be-420950f1dcdd'),
 ('29', '29', 'en_us', '', NULL, '1', '2016-08-15 06:19:28', '2016-09-14 00:49:03', '6fb98bee-e772-4beb-9639-86d6d9c1ba04'),
 ('30', '30', 'en_us', '', NULL, '1', '2016-08-15 06:23:57', '2016-09-14 00:49:03', '05a34399-8a03-4f4f-978c-4ebe23cea1de'),
 ('31', '31', 'en_us', '', NULL, '1', '2016-08-15 06:23:57', '2016-09-14 00:49:03', 'a1fd6b52-4ac1-437c-b7cf-f6d4d8005979'),
 ('32', '32', 'en_us', '', NULL, '1', '2016-08-15 07:26:05', '2016-09-14 00:49:03', '790186ba-99d5-44a4-9c23-030ec362256d'),
 ('69', '69', 'en_us', '', NULL, '1', '2016-09-13 04:28:13', '2016-09-14 02:08:55', '215ed402-c686-4948-8348-014cb33b88f2'),
 ('73', '73', 'en_us', 'rtz-csgo-5v5-lan', 'events/rtz-csgo-5v5-lan', '1', '2016-09-13 04:52:34', '2016-09-14 00:50:40', 'd26f07ba-a8cc-42ab-bc77-6cf92d9d7b30'),
 ('74', '74', 'en_us', '184x184', NULL, '1', '2016-09-13 05:49:14', '2016-09-14 00:41:18', '75294fee-642c-4b98-9420-4de9d5e6262a'),
 ('75', '75', 'en_us', '184x184', NULL, '1', '2016-09-14 00:41:18', '2016-09-14 00:41:18', '1c329f0f-fb05-43bf-9b60-62036ba853fa'),
 ('76', '76', 'en_us', 'mad-city', NULL, '1', '2016-09-14 00:48:52', '2016-09-14 00:54:51', '0e142d2a-b0c5-4705-83b6-74140369396d'),
 ('77', '77', 'en_us', 'midwest', NULL, '1', '2016-09-14 00:48:56', '2016-09-14 00:53:33', '56f3dee3-8f63-4dcc-8c44-097eeac40c16'),
 ('78', '78', 'en_us', 'non-byoc', NULL, '1', '2016-09-14 00:49:01', '2016-09-14 00:49:01', '06f6f99f-7495-4927-9f6a-e4125e1564dc'),
 ('79', '79', 'en_us', 'mwl', NULL, '1', '2016-09-14 00:50:04', '2016-09-14 00:50:04', '89463b3c-d0e7-4db8-bc12-b804ad0246b2'),
 ('80', '80', 'en_us', 'byoc', NULL, '1', '2016-09-14 00:50:17', '2016-09-14 00:50:17', 'a4edfdd3-1dca-4a55-940c-9754429a4a9d'),
 ('81', '81', 'en_us', 'rtz', NULL, '1', '2016-09-14 00:50:25', '2016-09-14 00:50:25', '380a2c26-3291-42e9-bb4a-c6082bc89f60'),
 ('82', '82', 'en_us', 'south', NULL, '1', '2016-09-14 00:50:28', '2016-09-14 00:50:28', 'c1c8bd9e-3f43-414c-ba85-e549e7f97551'),
 ('83', '83', 'en_us', 'northeast', NULL, '1', '2016-09-14 00:53:43', '2016-09-14 00:53:43', '5bd3d9f1-b288-4f5d-80ec-7ff83fd2df74'),
 ('84', '84', 'en_us', 'west', NULL, '1', '2016-09-14 00:53:52', '2016-09-14 00:53:52', '3af77156-b3db-4989-ae93-7fae0396ccb6'),
 ('85', '85', 'en_us', 'online', NULL, '1', '2016-09-14 00:54:02', '2016-09-14 00:54:02', 'a3d54672-28c2-4ad9-99d1-efcc0af42901');



DROP TABLE IF EXISTS `craft_emailmessages`;


--
-- Schema for table `craft_emailmessages`
--
CREATE TABLE `craft_emailmessages` (
  `id` int(11) NOT NULL AUTO_INCREMENT,
  `key` char(150) COLLATE utf8_unicode_ci NOT NULL,
  `locale` char(12) COLLATE utf8_unicode_ci NOT NULL,
  `subject` varchar(1000) COLLATE utf8_unicode_ci NOT NULL,
  `body` text COLLATE utf8_unicode_ci NOT NULL,
  `dateCreated` datetime NOT NULL,
  `dateUpdated` datetime NOT NULL,
  `uid` char(36) COLLATE utf8_unicode_ci NOT NULL DEFAULT '0',
  PRIMARY KEY (`id`),
  UNIQUE KEY `craft_emailmessages_key_locale_unq_idx` (`key`,`locale`),
  KEY `craft_emailmessages_locale_fk` (`locale`)
) ENGINE=InnoDB DEFAULT CHARSET=utf8 COLLATE=utf8_unicode_ci;

DROP TABLE IF EXISTS `craft_entries`;


--
-- Schema for table `craft_entries`
--
CREATE TABLE `craft_entries` (
  `id` int(11) NOT NULL,
  `sectionId` int(11) NOT NULL,
  `typeId` int(11) DEFAULT NULL,
  `authorId` int(11) DEFAULT NULL,
  `postDate` datetime DEFAULT NULL,
  `expiryDate` datetime DEFAULT NULL,
  `dateCreated` datetime NOT NULL,
  `dateUpdated` datetime NOT NULL,
  `uid` char(36) COLLATE utf8_unicode_ci NOT NULL DEFAULT '0',
  PRIMARY KEY (`id`),
  KEY `craft_entries_sectionId_idx` (`sectionId`),
  KEY `craft_entries_typeId_idx` (`typeId`),
  KEY `craft_entries_postDate_idx` (`postDate`),
  KEY `craft_entries_expiryDate_idx` (`expiryDate`),
  KEY `craft_entries_authorId_fk` (`authorId`)
) ENGINE=InnoDB DEFAULT CHARSET=utf8 COLLATE=utf8_unicode_ci;

--
-- Data for table `craft_entries`
--

INSERT INTO `craft_entries` (`id`, `sectionId`, `typeId`, `authorId`, `postDate`, `expiryDate`, `dateCreated`, `dateUpdated`, `uid`) VALUES
 ('2', '1', NULL, NULL, '2016-07-09 03:24:17', NULL, '2016-07-09 03:24:17', '2016-08-15 05:45:19', '11febb28-ca64-424b-8360-2806b552f953'),
 ('3', '2', '2', '1', '2016-08-14 05:00:00', NULL, '2016-08-15 04:47:11', '2016-09-14 00:49:03', '87b778ac-c7c0-4066-b956-2af7001e6116'),
 ('4', '2', '2', '1', '2016-08-15 04:48:00', NULL, '2016-08-15 04:48:06', '2016-09-14 00:49:59', 'f3d6d33d-3a19-441e-802e-0b17d63b8a3e'),
 ('5', '3', '3', '1', '2016-08-15 04:50:34', NULL, '2016-08-15 04:50:34', '2016-08-15 04:50:34', '9be11c1a-a35a-458e-b0c5-e71f223424ac'),
 ('6', '3', '3', '1', '2016-08-15 04:50:40', NULL, '2016-08-15 04:50:40', '2016-08-15 04:50:40', '21473692-7516-4e02-a993-444e6db6c04d'),
 ('7', '3', '3', '1', '2016-08-15 04:50:52', NULL, '2016-08-15 04:50:52', '2016-08-15 04:50:52', 'bc3ffb4a-c4d1-4a09-ab80-669bfeb60b52'),
 ('8', '2', '2', '1', '2016-08-15 04:51:00', NULL, '2016-08-15 04:51:29', '2016-09-14 00:50:19', 'e134d19e-c102-4885-b8da-43938c18c87f'),
 ('73', '2', '2', '1', '2016-09-13 04:52:00', NULL, '2016-09-13 04:52:34', '2016-09-14 00:50:40', '11c6e31f-7cd3-4a74-b514-9c0825cfd1b3');



DROP TABLE IF EXISTS `craft_entrydrafts`;


--
-- Schema for table `craft_entrydrafts`
--
CREATE TABLE `craft_entrydrafts` (
  `id` int(11) NOT NULL AUTO_INCREMENT,
  `entryId` int(11) NOT NULL,
  `sectionId` int(11) NOT NULL,
  `creatorId` int(11) NOT NULL,
  `locale` char(12) COLLATE utf8_unicode_ci NOT NULL,
  `name` varchar(255) COLLATE utf8_unicode_ci NOT NULL,
  `notes` tinytext COLLATE utf8_unicode_ci,
  `data` mediumtext COLLATE utf8_unicode_ci NOT NULL,
  `dateCreated` datetime NOT NULL,
  `dateUpdated` datetime NOT NULL,
  `uid` char(36) COLLATE utf8_unicode_ci NOT NULL DEFAULT '0',
  PRIMARY KEY (`id`),
  KEY `craft_entrydrafts_entryId_locale_idx` (`entryId`,`locale`),
  KEY `craft_entrydrafts_sectionId_fk` (`sectionId`),
  KEY `craft_entrydrafts_creatorId_fk` (`creatorId`),
  KEY `craft_entrydrafts_locale_fk` (`locale`)
) ENGINE=InnoDB DEFAULT CHARSET=utf8 COLLATE=utf8_unicode_ci;

DROP TABLE IF EXISTS `craft_entrytypes`;


--
-- Schema for table `craft_entrytypes`
--
CREATE TABLE `craft_entrytypes` (
  `id` int(11) NOT NULL AUTO_INCREMENT,
  `sectionId` int(11) NOT NULL,
  `fieldLayoutId` int(11) DEFAULT NULL,
  `name` varchar(255) COLLATE utf8_unicode_ci NOT NULL,
  `handle` varchar(255) COLLATE utf8_unicode_ci NOT NULL,
  `hasTitleField` tinyint(1) unsigned NOT NULL DEFAULT '1',
  `titleLabel` varchar(255) COLLATE utf8_unicode_ci DEFAULT 'Title',
  `titleFormat` varchar(255) COLLATE utf8_unicode_ci DEFAULT NULL,
  `sortOrder` smallint(6) unsigned DEFAULT NULL,
  `dateCreated` datetime NOT NULL,
  `dateUpdated` datetime NOT NULL,
  `uid` char(36) COLLATE utf8_unicode_ci NOT NULL DEFAULT '0',
  PRIMARY KEY (`id`),
  UNIQUE KEY `craft_entrytypes_name_sectionId_unq_idx` (`name`,`sectionId`),
  UNIQUE KEY `craft_entrytypes_handle_sectionId_unq_idx` (`handle`,`sectionId`),
  KEY `craft_entrytypes_sectionId_fk` (`sectionId`),
  KEY `craft_entrytypes_fieldLayoutId_fk` (`fieldLayoutId`)
) ENGINE=InnoDB AUTO_INCREMENT=4 DEFAULT CHARSET=utf8 COLLATE=utf8_unicode_ci;

--
-- Data for table `craft_entrytypes`
--

INSERT INTO `craft_entrytypes` (`id`, `sectionId`, `fieldLayoutId`, `name`, `handle`, `hasTitleField`, `titleLabel`, `titleFormat`, `sortOrder`, `dateCreated`, `dateUpdated`, `uid`) VALUES
 ('1', '1', '4', 'Homepage', 'homepage', '1', 'Title', NULL, NULL, '2016-07-09 03:24:17', '2016-08-15 04:40:12', '05fee26e-ab30-4dce-9167-87f143d8abf1'),
 ('2', '2', '67', 'Events', 'events', '1', 'Title', NULL, NULL, '2016-08-15 04:42:55', '2016-09-14 00:48:42', '11b0f6ae-cfdf-442c-8358-911ffd1a616f'),
 ('3', '3', '6', 'Team', 'team', '1', 'Title', NULL, NULL, '2016-08-15 04:50:23', '2016-08-15 04:50:23', 'a80f9a13-0ab0-49e4-9373-46f230a95ce7');



DROP TABLE IF EXISTS `craft_entryversions`;


--
-- Schema for table `craft_entryversions`
--
CREATE TABLE `craft_entryversions` (
  `id` int(11) NOT NULL AUTO_INCREMENT,
  `entryId` int(11) NOT NULL,
  `sectionId` int(11) NOT NULL,
  `creatorId` int(11) DEFAULT NULL,
  `locale` char(12) COLLATE utf8_unicode_ci NOT NULL,
  `num` smallint(6) unsigned NOT NULL,
  `notes` tinytext COLLATE utf8_unicode_ci,
  `data` mediumtext COLLATE utf8_unicode_ci NOT NULL,
  `dateCreated` datetime NOT NULL,
  `dateUpdated` datetime NOT NULL,
  `uid` char(36) COLLATE utf8_unicode_ci NOT NULL DEFAULT '0',
  PRIMARY KEY (`id`),
  KEY `craft_entryversions_entryId_locale_idx` (`entryId`,`locale`),
  KEY `craft_entryversions_sectionId_fk` (`sectionId`),
  KEY `craft_entryversions_creatorId_fk` (`creatorId`),
  KEY `craft_entryversions_locale_fk` (`locale`)
) ENGINE=InnoDB AUTO_INCREMENT=59 DEFAULT CHARSET=utf8 COLLATE=utf8_unicode_ci;

--
-- Data for table `craft_entryversions`
--

INSERT INTO `craft_entryversions` (`id`, `entryId`, `sectionId`, `creatorId`, `locale`, `num`, `notes`, `data`, `dateCreated`, `dateUpdated`, `uid`) VALUES
 ('1', '2', '1', '1', 'en_us', '1', NULL, '{\"typeId\":\"1\",\"authorId\":null,\"title\":\"Homepage\",\"slug\":\"homepage\",\"postDate\":1468034657,\"expiryDate\":null,\"enabled\":1,\"parentId\":null,\"fields\":[]}', '2016-07-09 03:24:17', '2016-07-09 03:24:17', '9eff325c-bc8c-4a5a-9942-bfcbcb57a164'),
 ('2', '2', '1', '1', 'en_us', '2', NULL, '{\"typeId\":null,\"authorId\":null,\"title\":\"Welcome to Craft.local!\",\"slug\":\"homepage\",\"postDate\":1468034657,\"expiryDate\":null,\"enabled\":\"1\",\"parentId\":null,\"fields\":{\"1\":\"<p>It\\u2019s true, this site doesn\\u2019t have a whole lot of content yet, but don\\u2019t worry. Our web developers have just installed the CMS, and they\\u2019re setting things up for the content editors this very moment. Soon Craft.local will be an oasis of fresh perspectives, sharp analyses, and astute opinions that will keep you coming back again and again.<\\/p>\"}}', '2016-07-09 03:24:17', '2016-07-09 03:24:17', '9b3f56e2-a830-4fb5-b019-283fa7e85138'),
 ('3', '3', '2', '1', 'en_us', '1', '', '{\"typeId\":null,\"authorId\":\"1\",\"title\":\"Mad City LAN\",\"slug\":\"mad-city-lan\",\"postDate\":1471150800,\"expiryDate\":null,\"enabled\":1,\"parentId\":null,\"fields\":[]}', '2016-08-15 04:47:11', '2016-08-15 04:47:11', '94fdf904-70a1-46ab-8533-b807d8549f4c'),
 ('4', '3', '2', '1', 'en_us', '2', '', '{\"typeId\":\"2\",\"authorId\":\"1\",\"title\":\"Mad City LAN\",\"slug\":\"mad-city-lan\",\"postDate\":1471150800,\"expiryDate\":null,\"enabled\":0,\"parentId\":null,\"fields\":[]}', '2016-08-15 04:47:23', '2016-08-15 04:47:23', '47603cdc-ebac-45f0-8dcf-658311da45b0'),
 ('5', '3', '2', '1', 'en_us', '3', '', '{\"typeId\":\"2\",\"authorId\":\"1\",\"title\":\"Mad City LAN\",\"slug\":\"mad-city-lan\",\"postDate\":1471150800,\"expiryDate\":null,\"enabled\":1,\"parentId\":null,\"fields\":[]}', '2016-08-15 04:47:27', '2016-08-15 04:47:27', '722a6219-4860-4990-a59f-c6073857c339'),
 ('6', '4', '2', '1', 'en_us', '1', '', '{\"typeId\":null,\"authorId\":\"1\",\"title\":\"Mad City LAN 2\",\"slug\":\"mad-city-lan-2\",\"postDate\":1471236486,\"expiryDate\":null,\"enabled\":1,\"parentId\":null,\"fields\":[]}', '2016-08-15 04:48:06', '2016-08-15 04:48:06', 'd6f48824-029c-4676-b8b7-f3b37afc20d7'),
 ('7', '5', '3', '1', 'en_us', '1', '', '{\"typeId\":null,\"authorId\":\"1\",\"title\":\"Eric Boyer\",\"slug\":\"eric-boyer\",\"postDate\":1471236634,\"expiryDate\":null,\"enabled\":1,\"parentId\":null,\"fields\":[]}', '2016-08-15 04:50:34', '2016-08-15 04:50:34', '614be25a-4d60-4cc5-85f7-2f990f4c506e'),
 ('8', '6', '3', '1', 'en_us', '1', '', '{\"typeId\":null,\"authorId\":\"1\",\"title\":\"Thane Woidan\",\"slug\":\"thane-woidan\",\"postDate\":1471236640,\"expiryDate\":null,\"enabled\":1,\"parentId\":null,\"fields\":[]}', '2016-08-15 04:50:40', '2016-08-15 04:50:40', '303a9394-9f1b-4a68-ac37-1679db1c9857'),
 ('9', '7', '3', '1', 'en_us', '1', '', '{\"typeId\":null,\"authorId\":\"1\",\"title\":\"Jackson Wolf\",\"slug\":\"jackson-wolf\",\"postDate\":1471236652,\"expiryDate\":null,\"enabled\":1,\"parentId\":null,\"fields\":[]}', '2016-08-15 04:50:52', '2016-08-15 04:50:52', '6dcd91c2-54c4-40cd-9a91-3e5b785d4573'),
 ('10', '8', '2', '1', 'en_us', '1', '', '{\"typeId\":null,\"authorId\":\"1\",\"title\":\"MidwestLAN 2016 .reboot\",\"slug\":\"midwestlan-2016-reboot\",\"postDate\":1471236689,\"expiryDate\":null,\"enabled\":1,\"parentId\":null,\"fields\":[]}', '2016-08-15 04:51:29', '2016-08-15 04:51:29', 'ec7e461a-4564-43c7-9860-398c012829bb'),
 ('11', '3', '2', '1', 'en_us', '4', '', '{\"typeId\":\"2\",\"authorId\":\"1\",\"title\":\"Mad City LAN\",\"slug\":\"mad-city-lan\",\"postDate\":1471150800,\"expiryDate\":null,\"enabled\":1,\"parentId\":null,\"fields\":{\"3\":[\"9\"]}}', '2016-08-15 04:56:00', '2016-08-15 04:56:00', '513eff7d-0d1e-4e06-80c0-b357101dc9cb'),
 ('12', '4', '2', '1', 'en_us', '2', '', '{\"typeId\":\"2\",\"authorId\":\"1\",\"title\":\"Mad City LAN 2\",\"slug\":\"mad-city-lan-2\",\"postDate\":1471236480,\"expiryDate\":null,\"enabled\":1,\"parentId\":null,\"fields\":{\"3\":[\"9\"]}}', '2016-08-15 04:56:08', '2016-08-15 04:56:08', '244df234-94e5-4a3a-86d5-505658acde91'),
 ('13', '8', '2', '1', 'en_us', '2', '', '{\"typeId\":\"2\",\"authorId\":\"1\",\"title\":\"MidwestLAN 2016 .reboot\",\"slug\":\"midwestlan-2016-reboot\",\"postDate\":1471236660,\"expiryDate\":null,\"enabled\":1,\"parentId\":null,\"fields\":{\"3\":[\"10\"]}}', '2016-08-15 04:56:15', '2016-08-15 04:56:15', '6cd0400e-c0b1-4331-8d05-f811577b0ff9'),
 ('14', '3', '2', '1', 'en_us', '5', '', '{\"typeId\":\"2\",\"authorId\":\"1\",\"title\":\"Mad City LAN\",\"slug\":\"mad-city-lan\",\"postDate\":1471150800,\"expiryDate\":null,\"enabled\":1,\"parentId\":null,\"fields\":{\"3\":[\"9\"],\"4\":[\"11\"]}}', '2016-08-15 05:00:33', '2016-08-15 05:00:33', '29b76eca-1d1a-46a6-9e64-dd5a5ce7f2f6'),
 ('15', '3', '2', '1', 'en_us', '6', '', '{\"typeId\":\"2\",\"authorId\":\"1\",\"title\":\"Mad City LAN\",\"slug\":\"mad-city-lan\",\"postDate\":1471150800,\"expiryDate\":null,\"enabled\":1,\"parentId\":null,\"fields\":{\"3\":[\"9\"],\"5\":[\"13\",\"14\",\"15\",\"16\",\"17\",\"18\",\"19\"],\"6\":[\"12\"],\"4\":[\"11\"]}}', '2016-08-15 05:05:13', '2016-08-15 05:05:13', 'e5205a1b-5eef-4584-b2bd-d7fbfd2dc951'),
 ('16', '3', '2', '1', 'en_us', '7', '', '{\"typeId\":\"2\",\"authorId\":\"1\",\"title\":\"Mad City LAN\",\"slug\":\"mad-city-lan\",\"postDate\":1471150800,\"expiryDate\":null,\"enabled\":1,\"parentId\":null,\"fields\":{\"3\":[\"9\"],\"5\":[\"13\",\"14\",\"15\",\"16\",\"17\",\"18\",\"19\"],\"6\":[\"12\"],\"4\":[\"11\"]}}', '2016-08-15 05:05:38', '2016-08-15 05:05:38', '9e3bb11a-ae08-4c05-8529-e2ef9df33147'),
 ('17', '3', '2', '1', 'en_us', '8', '', '{\"typeId\":\"2\",\"authorId\":\"1\",\"title\":\"Mad City LAN\",\"slug\":\"mad-city-lan\",\"postDate\":1471150800,\"expiryDate\":null,\"enabled\":1,\"parentId\":null,\"fields\":{\"10\":{\"new1\":{\"type\":\"price\",\"enabled\":\"1\",\"fields\":{\"price\":\"$55 per person for BYOC entry (Early pricing until August 5th)\"}},\"new2\":{\"type\":\"price\",\"enabled\":\"1\",\"fields\":{\"price\":\"$65 per person for WALK-IN BYOC entry (Register early!)\"},\"collapsed\":\"\"},\"new3\":{\"type\":\"price\",\"enabled\":\"1\",\"fields\":{\"price\":\"Team entry of $150 dollars that will go straight to the prize pot ($30 per person).\"}}},\"3\":[\"9\"],\"8\":\"\",\"9\":\"\",\"5\":[\"13\",\"14\",\"15\",\"16\",\"17\",\"18\",\"19\"],\"6\":[\"12\"],\"7\":\"\",\"4\":[\"11\"]}}', '2016-08-15 05:12:24', '2016-08-15 05:12:24', '108f3cae-a3e0-47f8-b6d2-f75e6babbb2b'),
 ('18', '3', '2', '1', 'en_us', '9', '', '{\"typeId\":\"2\",\"authorId\":\"1\",\"title\":\"Mad City LAN\",\"slug\":\"mad-city-lan\",\"postDate\":1471150800,\"expiryDate\":null,\"enabled\":1,\"parentId\":null,\"fields\":{\"22\":\"\",\"10\":{\"20\":{\"type\":\"price\",\"enabled\":\"1\",\"fields\":{\"price\":\"NO REFUNDS OR RESALE, must provide proof of purchase.\"}},\"21\":{\"type\":\"price\",\"enabled\":\"1\",\"fields\":{\"price\":\"$65 (+ processing fee) per person for tournament entry (Early pricing until May 29th)\"}},\"22\":{\"type\":\"price\",\"enabled\":\"1\",\"fields\":{\"price\":\"$75 (+ processing fee) per person for WALK-IN tournament entry (Register early!)\"}},\"new1\":{\"type\":\"price\",\"enabled\":\"1\",\"fields\":{\"price\":\"Registering 3 players will reserve your teams spot for the tournament\"}},\"new2\":{\"type\":\"price\",\"enabled\":\"1\",\"fields\":{\"price\":\"There are no additional costs beyond this. Each individual player pays and thats it. The registration covers WIT\'s time, Mad City\'s time, the production team\'s time, and the prize pot. Processing fees on behalf of Eventbrite.com.\"}}},\"24\":\"\",\"3\":[\"9\"],\"8\":\"WIT Gaming\\r\\n481 N Commons Dr, Unit F\\r\\nAurora, Illinois\",\"9\":\"41.7605850,-88.3200720\",\"5\":[\"13\",\"14\",\"15\",\"16\",\"17\",\"18\",\"19\"],\"14\":\"\",\"19\":{\"new1\":{\"type\":\"promourl\",\"enabled\":\"1\",\"fields\":{\"promourl\":\"https:\\/\\/steelseries.com\\/\",\"promoname\":\"SteelSeries\"}},\"new2\":{\"type\":\"promourl\",\"enabled\":\"1\",\"fields\":{\"promourl\":\"http:\\/\\/www.darkmattercoffee.com\\/\",\"promoname\":\"Dark Matter Coffee\"}},\"new3\":{\"type\":\"promourl\",\"enabled\":\"1\",\"fields\":{\"promourl\":\"Infiniscene\",\"promoname\":\"https:\\/\\/www.infiniscene.com\\/\"}},\"new4\":{\"type\":\"promourl\",\"enabled\":\"1\",\"fields\":{\"promourl\":\"WIT Gaming\",\"promoname\":\"https:\\/\\/www.facebook.com\\/WITGames\\/\"}}},\"6\":[\"12\"],\"12\":\"\",\"13\":\"Sunday, May 29th @ 10:00am CST\",\"7\":\"\",\"17\":\"\",\"16\":\"\",\"18\":\"https:\\/\\/www.twitch.tv\\/madcitygg\",\"4\":[\"11\"]}}', '2016-08-15 05:37:11', '2016-08-15 05:37:11', 'b797e952-68da-4625-8e94-8f7536bbdbbb'),
 ('19', '3', '2', '1', 'en_us', '10', '', '{\"typeId\":\"2\",\"authorId\":\"1\",\"title\":\"Mad City LAN\",\"slug\":\"mad-city-lan\",\"postDate\":1471150800,\"expiryDate\":null,\"enabled\":1,\"parentId\":null,\"fields\":{\"22\":\"\",\"10\":{\"20\":{\"type\":\"price\",\"enabled\":\"1\",\"fields\":{\"price\":\"NO REFUNDS OR RESALE, must provide proof of purchase.\"}},\"21\":{\"type\":\"price\",\"enabled\":\"1\",\"fields\":{\"price\":\"$65 (+ processing fee) per person for tournament entry (Early pricing until May 29th)\"}},\"22\":{\"type\":\"price\",\"enabled\":\"1\",\"fields\":{\"price\":\"$75 (+ processing fee) per person for WALK-IN tournament entry (Register early!)\"}},\"23\":{\"type\":\"price\",\"enabled\":\"1\",\"fields\":{\"price\":\"Registering 3 players will reserve your teams spot for the tournament\"}},\"24\":{\"type\":\"price\",\"enabled\":\"1\",\"fields\":{\"price\":\"There are no additional costs beyond this. Each individual player pays and thats it. The registration covers WIT\'s time, Mad City\'s time, the production team\'s time, and the prize pot. Processing fees on behalf of Eventbrite.com.\"}}},\"24\":\"\",\"3\":[\"9\"],\"8\":\"WIT Gaming\\r\\n481 N Commons Dr, Unit F\\r\\nAurora, Illinois\",\"9\":\"41.7605850,-88.3200720\",\"5\":[\"13\",\"14\",\"15\",\"16\",\"17\",\"18\",\"19\"],\"14\":\"\",\"19\":{\"25\":{\"type\":\"promourl\",\"enabled\":\"1\",\"fields\":{\"promourl\":\"https:\\/\\/steelseries.com\\/\",\"promoname\":\"SteelSeries\"}},\"26\":{\"type\":\"promourl\",\"enabled\":\"1\",\"fields\":{\"promourl\":\"http:\\/\\/www.darkmattercoffee.com\\/\",\"promoname\":\"Dark Matter Coffee\"}},\"27\":{\"type\":\"promourl\",\"enabled\":\"1\",\"fields\":{\"promourl\":\"Infiniscene\",\"promoname\":\"https:\\/\\/www.infiniscene.com\\/\"}},\"28\":{\"type\":\"promourl\",\"enabled\":\"1\",\"fields\":{\"promourl\":\"WIT Gaming\",\"promoname\":\"https:\\/\\/www.facebook.com\\/WITGames\\/\"}}},\"6\":[\"12\"],\"12\":\"\",\"7\":\"\",\"17\":\"\",\"16\":\"\",\"18\":\"https:\\/\\/www.twitch.tv\\/madcitygg\",\"4\":[\"11\"]}}', '2016-08-15 05:38:35', '2016-08-15 05:38:35', '0777d830-f8ac-40a1-9db9-2ea2fa7b71b6'),
 ('20', '3', '2', '1', 'en_us', '11', '', '{\"typeId\":\"2\",\"authorId\":\"1\",\"title\":\"Mad City LAN\",\"slug\":\"mad-city-lan\",\"postDate\":1471150800,\"expiryDate\":null,\"enabled\":1,\"parentId\":null,\"fields\":{\"22\":\"\",\"10\":{\"20\":{\"type\":\"price\",\"enabled\":\"1\",\"fields\":{\"price\":\"NO REFUNDS OR RESALE, must provide proof of purchase.\"}},\"21\":{\"type\":\"price\",\"enabled\":\"1\",\"fields\":{\"price\":\"$65 (+ processing fee) per person for tournament entry (Early pricing until May 29th)\"}},\"22\":{\"type\":\"price\",\"enabled\":\"1\",\"fields\":{\"price\":\"$75 (+ processing fee) per person for WALK-IN tournament entry (Register early!)\"}},\"23\":{\"type\":\"price\",\"enabled\":\"1\",\"fields\":{\"price\":\"Registering 3 players will reserve your teams spot for the tournament\"}},\"24\":{\"type\":\"price\",\"enabled\":\"1\",\"fields\":{\"price\":\"There are no additional costs beyond this. Each individual player pays and thats it. The registration covers WIT\'s time, Mad City\'s time, the production team\'s time, and the prize pot. Processing fees on behalf of Eventbrite.com.\"}}},\"24\":\"\",\"3\":[\"9\"],\"8\":\"WIT Gaming\\r\\n481 N Commons Dr, Unit F\\r\\nAurora, Illinois\",\"9\":\"41.7605850,-88.3200720\",\"5\":[\"13\",\"14\",\"15\",\"16\",\"17\",\"18\",\"19\"],\"14\":\"\",\"19\":{\"25\":{\"type\":\"promourl\",\"enabled\":\"1\",\"fields\":{\"promourl\":\"https:\\/\\/steelseries.com\\/\",\"promoname\":\"SteelSeries\"}},\"26\":{\"type\":\"promourl\",\"enabled\":\"1\",\"fields\":{\"promourl\":\"http:\\/\\/www.darkmattercoffee.com\\/\",\"promoname\":\"Dark Matter Coffee\"}},\"27\":{\"type\":\"promourl\",\"enabled\":\"1\",\"fields\":{\"promourl\":\"Infiniscene\",\"promoname\":\"https:\\/\\/www.infiniscene.com\\/\"}},\"28\":{\"type\":\"promourl\",\"enabled\":\"1\",\"fields\":{\"promourl\":\"WIT Gaming\",\"promoname\":\"https:\\/\\/www.facebook.com\\/WITGames\\/\"}}},\"6\":[\"12\"],\"12\":\"\",\"25\":{\"date\":\"1\\/1\\/2016\",\"time\":\"10:00 AM\"},\"7\":\"\",\"17\":\"\",\"16\":\"\",\"18\":\"https:\\/\\/www.twitch.tv\\/madcitygg\",\"4\":[\"11\"]}}', '2016-08-15 05:39:10', '2016-08-15 05:39:10', 'f6e696ee-1813-481f-af69-4c16f3f6fcdb'),
 ('21', '2', '1', '1', 'en_us', '3', '', '{\"typeId\":null,\"authorId\":null,\"title\":\"Home\",\"slug\":\"homepage\",\"postDate\":1468034657,\"expiryDate\":null,\"enabled\":1,\"parentId\":null,\"fields\":{\"1\":\"<p>This is content for the homepage<\\/p>\"}}', '2016-08-15 05:45:19', '2016-08-15 05:45:19', '61e76e58-ead5-4068-aebb-d2e5cbabf2ab'),
 ('22', '3', '2', '1', 'en_us', '12', '', '{\"typeId\":\"2\",\"authorId\":\"1\",\"title\":\"Mad City LAN\",\"slug\":\"mad-city-lan\",\"postDate\":1471150800,\"expiryDate\":null,\"enabled\":1,\"parentId\":null,\"fields\":{\"22\":\"\",\"10\":{\"20\":{\"type\":\"price\",\"enabled\":\"1\",\"fields\":{\"price\":\"NO REFUNDS OR RESALE, must provide proof of purchase.\"}},\"21\":{\"type\":\"price\",\"enabled\":\"1\",\"fields\":{\"price\":\"$65 (+ processing fee) per person for tournament entry (Early pricing until May 29th)\"}},\"22\":{\"type\":\"price\",\"enabled\":\"1\",\"fields\":{\"price\":\"$75 (+ processing fee) per person for WALK-IN tournament entry (Register early!)\"}},\"23\":{\"type\":\"price\",\"enabled\":\"1\",\"fields\":{\"price\":\"Registering 3 players will reserve your teams spot for the tournament\"}},\"24\":{\"type\":\"price\",\"enabled\":\"1\",\"fields\":{\"price\":\"There are no additional costs beyond this. Each individual player pays and thats it. The registration covers WIT\'s time, Mad City\'s time, the production team\'s time, and the prize pot. Processing fees on behalf of Eventbrite.com.\"}}},\"24\":\"\",\"3\":[\"9\"],\"8\":\"WIT Gaming\\r\\n481 N Commons Dr, Unit F\\r\\nAurora, Illinois\",\"9\":\"41.7605850,-88.3200720\",\"5\":[\"13\",\"14\",\"15\",\"16\",\"17\",\"18\",\"19\"],\"14\":\"\",\"19\":{\"25\":{\"type\":\"promourl\",\"enabled\":\"1\",\"fields\":{\"promourl\":\"https:\\/\\/steelseries.com\\/\",\"promoname\":\"SteelSeries\"}},\"26\":{\"type\":\"promourl\",\"enabled\":\"1\",\"fields\":{\"promourl\":\"http:\\/\\/www.darkmattercoffee.com\\/\",\"promoname\":\"Dark Matter Coffee\"}},\"27\":{\"type\":\"promourl\",\"enabled\":\"1\",\"fields\":{\"promourl\":\"Infiniscene\",\"promoname\":\"https:\\/\\/www.infiniscene.com\\/\"}},\"28\":{\"type\":\"promourl\",\"enabled\":\"1\",\"fields\":{\"promourl\":\"WIT Gaming\",\"promoname\":\"https:\\/\\/www.facebook.com\\/WITGames\\/\"}}},\"6\":[\"12\"],\"12\":\"\",\"25\":{\"date\":\"1\\/1\\/2016\",\"time\":\"10:00 AM\"},\"7\":\"\",\"17\":\"\",\"16\":\"\",\"18\":\"https:\\/\\/www.twitch.tv\\/madcitygg\",\"4\":[\"11\"]}}', '2016-08-15 06:08:24', '2016-08-15 06:08:24', '7f878f72-e17f-4316-9e93-a9e527090e9a'),
 ('23', '3', '2', '1', 'en_us', '13', '', '{\"typeId\":\"2\",\"authorId\":\"1\",\"title\":\"Mad City LAN\",\"slug\":\"mad-city-lan\",\"postDate\":1471150800,\"expiryDate\":null,\"enabled\":1,\"parentId\":null,\"fields\":{\"22\":\"\",\"10\":{\"20\":{\"type\":\"price\",\"enabled\":\"1\",\"fields\":{\"price\":\"NO REFUNDS OR RESALE, must provide proof of purchase.\"}},\"21\":{\"type\":\"price\",\"enabled\":\"1\",\"fields\":{\"price\":\"$65 (+ processing fee) per person for tournament entry (Early pricing until May 29th)\"}},\"22\":{\"type\":\"price\",\"enabled\":\"1\",\"fields\":{\"price\":\"$75 (+ processing fee) per person for WALK-IN tournament entry (Register early!)\"}},\"23\":{\"type\":\"price\",\"enabled\":\"1\",\"fields\":{\"price\":\"Registering 3 players will reserve your teams spot for the tournament\"}},\"24\":{\"type\":\"price\",\"enabled\":\"1\",\"fields\":{\"price\":\"There are no additional costs beyond this. Each individual player pays and thats it. The registration covers WIT\'s time, Mad City\'s time, the production team\'s time, and the prize pot. Processing fees on behalf of Eventbrite.com.\"}}},\"24\":\"\",\"3\":[\"9\"],\"8\":\"WIT Gaming\\r\\n481 N Commons Dr, Unit F\\r\\nAurora, Illinois\",\"9\":\"41.7605850,-88.3200720\",\"5\":[\"13\",\"14\",\"15\",\"16\",\"17\",\"18\",\"19\"],\"14\":\"\",\"19\":{\"25\":{\"type\":\"promourl\",\"enabled\":\"1\",\"fields\":{\"promourl\":\"https:\\/\\/steelseries.com\\/\",\"promoname\":\"SteelSeries\"}},\"26\":{\"type\":\"promourl\",\"enabled\":\"1\",\"fields\":{\"promourl\":\"http:\\/\\/www.darkmattercoffee.com\\/\",\"promoname\":\"Dark Matter Coffee\"}},\"27\":{\"type\":\"promourl\",\"enabled\":\"1\",\"fields\":{\"promourl\":\"Infiniscene\",\"promoname\":\"https:\\/\\/www.infiniscene.com\\/\"}},\"28\":{\"type\":\"promourl\",\"enabled\":\"1\",\"fields\":{\"promourl\":\"WIT Gaming\",\"promoname\":\"https:\\/\\/www.facebook.com\\/WITGames\\/\"}}},\"6\":[\"12\"],\"12\":\"\",\"25\":{\"date\":\"1\\/1\\/2016\",\"time\":\"10:00 AM\"},\"7\":\"\",\"17\":\"\",\"16\":\"\",\"18\":\"https:\\/\\/www.twitch.tv\\/madcitygg\",\"4\":[\"11\"]}}', '2016-08-15 06:08:39', '2016-08-15 06:08:39', 'a28cb0c3-1500-46c0-9736-9b12bedac0a8'),
 ('24', '3', '2', '1', 'en_us', '14', '', '{\"typeId\":\"2\",\"authorId\":\"1\",\"title\":\"Mad City LAN\",\"slug\":\"mad-city-lan\",\"postDate\":1471150800,\"expiryDate\":null,\"enabled\":1,\"parentId\":null,\"fields\":{\"22\":\"\",\"10\":{\"20\":{\"type\":\"price\",\"enabled\":\"1\",\"fields\":{\"price\":\"NO REFUNDS OR RESALE, must provide proof of purchase.\"}},\"21\":{\"type\":\"price\",\"enabled\":\"1\",\"fields\":{\"price\":\"$65 (+ processing fee) per person for tournament entry (Early pricing until May 29th)\"}},\"22\":{\"type\":\"price\",\"enabled\":\"1\",\"fields\":{\"price\":\"$75 (+ processing fee) per person for WALK-IN tournament entry (Register early!)\"}},\"23\":{\"type\":\"price\",\"enabled\":\"1\",\"fields\":{\"price\":\"Registering 3 players will reserve your teams spot for the tournament\"}},\"24\":{\"type\":\"price\",\"enabled\":\"1\",\"fields\":{\"price\":\"There are no additional costs beyond this. Each individual player pays and thats it. The registration covers WIT\'s time, Mad City\'s time, the production team\'s time, and the prize pot. Processing fees on behalf of Eventbrite.com.\"}}},\"24\":\"\",\"3\":[\"9\"],\"8\":\"WIT Gaming\\r\\n481 N Commons Dr, Unit F\\r\\nAurora, Illinois\",\"9\":\"41.7605850,-88.3200720\",\"5\":[\"13\",\"14\",\"15\",\"16\",\"17\",\"18\",\"19\"],\"14\":\"\",\"19\":{\"25\":{\"type\":\"promourl\",\"enabled\":\"1\",\"fields\":{\"promourl\":\"https:\\/\\/steelseries.com\\/\",\"promoname\":\"SteelSeries\"}},\"26\":{\"type\":\"promourl\",\"enabled\":\"1\",\"fields\":{\"promourl\":\"http:\\/\\/www.darkmattercoffee.com\\/\",\"promoname\":\"Dark Matter Coffee\"}},\"27\":{\"type\":\"promourl\",\"enabled\":\"1\",\"fields\":{\"promourl\":\"Infiniscene\",\"promoname\":\"https:\\/\\/www.infiniscene.com\\/\"}},\"28\":{\"type\":\"promourl\",\"enabled\":\"1\",\"fields\":{\"promourl\":\"https:\\/\\/www.facebook.com\\/WITGames\\/\",\"promoname\":\"WIT Gaming\"}}},\"6\":[\"12\"],\"12\":\"\",\"25\":{\"date\":\"1\\/1\\/2016\",\"time\":\"10:00 AM\"},\"7\":\"\",\"17\":\"\",\"16\":\"\",\"18\":\"https:\\/\\/www.twitch.tv\\/madcitygg\",\"4\":[\"11\"]}}', '2016-08-15 06:10:53', '2016-08-15 06:10:53', '215fd262-f225-4850-8395-9694d1127970'),
 ('25', '3', '2', '1', 'en_us', '15', '', '{\"typeId\":\"2\",\"authorId\":\"1\",\"title\":\"Mad City LAN\",\"slug\":\"mad-city-lan\",\"postDate\":1471150800,\"expiryDate\":null,\"enabled\":1,\"parentId\":null,\"fields\":{\"22\":\"\",\"10\":{\"20\":{\"type\":\"price\",\"enabled\":\"1\",\"fields\":{\"price\":\"NO REFUNDS OR RESALE, must provide proof of purchase.\"}},\"21\":{\"type\":\"price\",\"enabled\":\"1\",\"fields\":{\"price\":\"$65 (+ processing fee) per person for tournament entry (Early pricing until May 29th)\"}},\"22\":{\"type\":\"price\",\"enabled\":\"1\",\"fields\":{\"price\":\"$75 (+ processing fee) per person for WALK-IN tournament entry (Register early!)\"}},\"23\":{\"type\":\"price\",\"enabled\":\"1\",\"fields\":{\"price\":\"Registering 3 players will reserve your teams spot for the tournament\"}},\"24\":{\"type\":\"price\",\"enabled\":\"1\",\"fields\":{\"price\":\"There are no additional costs beyond this. Each individual player pays and thats it. The registration covers WIT\'s time, Mad City\'s time, the production team\'s time, and the prize pot. Processing fees on behalf of Eventbrite.com.\"}}},\"24\":\"\",\"3\":[\"9\"],\"8\":\"WIT Gaming\\r\\n481 N Commons Dr, Unit F\\r\\nAurora, Illinois\",\"9\":\"41.7605850,-88.3200720\",\"5\":[\"13\",\"14\",\"15\",\"16\",\"17\",\"18\",\"19\"],\"14\":\"\",\"19\":{\"25\":{\"type\":\"promourl\",\"enabled\":\"1\",\"fields\":{\"promourl\":\"https:\\/\\/steelseries.com\\/\",\"promoname\":\"SteelSeries\"}},\"26\":{\"type\":\"promourl\",\"enabled\":\"1\",\"fields\":{\"promourl\":\"http:\\/\\/www.darkmattercoffee.com\\/\",\"promoname\":\"Dark Matter Coffee\"}},\"27\":{\"type\":\"promourl\",\"enabled\":\"1\",\"fields\":{\"promourl\":\"https:\\/\\/www.infiniscene.com\\/\",\"promoname\":\"Infiniscene\"}},\"28\":{\"type\":\"promourl\",\"enabled\":\"1\",\"fields\":{\"promourl\":\"https:\\/\\/www.facebook.com\\/WITGames\\/\",\"promoname\":\"WIT Gaming\"}}},\"6\":[\"12\"],\"12\":\"\",\"25\":{\"date\":\"1\\/1\\/2016\",\"time\":\"10:00 AM\"},\"7\":\"\",\"17\":\"\",\"16\":\"\",\"18\":\"https:\\/\\/www.twitch.tv\\/madcitygg\",\"4\":[\"11\"]}}', '2016-08-15 06:11:10', '2016-08-15 06:11:10', 'a423563b-93c4-4e7a-9d8d-298580a6e35c'),
 ('26', '3', '2', '1', 'en_us', '16', '', '{\"typeId\":\"2\",\"authorId\":\"1\",\"title\":\"Mad City LAN\",\"slug\":\"mad-city-lan\",\"postDate\":1471150800,\"expiryDate\":null,\"enabled\":1,\"parentId\":null,\"fields\":{\"22\":{\"new1\":{\"type\":\"bracketembed\",\"enabled\":\"1\",\"fields\":{\"bracketembedhtml\":\"<iframe width=\\\"853\\\" height=\\\"480\\\" src=\\\"https:\\/\\/widget.toornament.com\\/tournaments\\/575eecb6140ba0ea4b8b4567\\/stages\\/1?_locale=en_US&amp;theme=light\\\" allowfullscreen=\\\"\\\"> <\\/iframe>\"}}},\"10\":{\"20\":{\"type\":\"price\",\"enabled\":\"1\",\"fields\":{\"price\":\"NO REFUNDS OR RESALE, must provide proof of purchase.\"}},\"21\":{\"type\":\"price\",\"enabled\":\"1\",\"fields\":{\"price\":\"$65 (+ processing fee) per person for tournament entry (Early pricing until May 29th)\"}},\"22\":{\"type\":\"price\",\"enabled\":\"1\",\"fields\":{\"price\":\"$75 (+ processing fee) per person for WALK-IN tournament entry (Register early!)\"}},\"23\":{\"type\":\"price\",\"enabled\":\"1\",\"fields\":{\"price\":\"Registering 3 players will reserve your teams spot for the tournament\"}},\"24\":{\"type\":\"price\",\"enabled\":\"1\",\"fields\":{\"price\":\"There are no additional costs beyond this. Each individual player pays and thats it. The registration covers WIT\'s time, Mad City\'s time, the production team\'s time, and the prize pot. Processing fees on behalf of Eventbrite.com.\"}}},\"24\":\"\",\"3\":[\"9\"],\"8\":\"WIT Gaming\\r\\n481 N Commons Dr, Unit F\\r\\nAurora, Illinois\",\"9\":\"41.7605850,-88.3200720\",\"5\":[\"13\",\"14\",\"15\",\"16\",\"17\",\"18\",\"19\"],\"14\":\"\",\"19\":{\"25\":{\"type\":\"promourl\",\"enabled\":\"1\",\"fields\":{\"promourl\":\"https:\\/\\/steelseries.com\\/\",\"promoname\":\"SteelSeries\"}},\"26\":{\"type\":\"promourl\",\"enabled\":\"1\",\"fields\":{\"promourl\":\"http:\\/\\/www.darkmattercoffee.com\\/\",\"promoname\":\"Dark Matter Coffee\"}},\"27\":{\"type\":\"promourl\",\"enabled\":\"1\",\"fields\":{\"promourl\":\"https:\\/\\/www.infiniscene.com\\/\",\"promoname\":\"Infiniscene\"}},\"28\":{\"type\":\"promourl\",\"enabled\":\"1\",\"fields\":{\"promourl\":\"https:\\/\\/www.facebook.com\\/WITGames\\/\",\"promoname\":\"WIT Gaming\"}}},\"6\":[\"12\"],\"12\":\"\",\"25\":{\"date\":\"1\\/1\\/2016\",\"time\":\"10:00 AM\"},\"7\":\"\",\"17\":\"\",\"16\":\"\",\"18\":\"https:\\/\\/www.twitch.tv\\/madcitygg\",\"4\":[\"11\"]}}', '2016-08-15 06:19:28', '2016-08-15 06:19:28', '33892d40-822f-4b2f-ae15-df8cc6f2750d'),
 ('27', '3', '2', '1', 'en_us', '17', '', '{\"typeId\":\"2\",\"authorId\":\"1\",\"title\":\"Mad City LAN\",\"slug\":\"mad-city-lan\",\"postDate\":1471150800,\"expiryDate\":null,\"enabled\":1,\"parentId\":null,\"fields\":{\"22\":{\"29\":{\"type\":\"bracketembed\",\"enabled\":\"1\",\"fields\":{\"bracketembedhtml\":\"<iframe width=\\\"853\\\" height=\\\"480\\\" src=\\\"https:\\/\\/widget.toornament.com\\/tournaments\\/575eecb6140ba0ea4b8b4567\\/stages\\/1?_locale=en_US&amp;theme=light\\\" allowfullscreen=\\\"\\\"> <\\/iframe>\"}}},\"10\":{\"20\":{\"type\":\"price\",\"enabled\":\"1\",\"fields\":{\"price\":\"NO REFUNDS OR RESALE, must provide proof of purchase.\"}},\"21\":{\"type\":\"price\",\"enabled\":\"1\",\"fields\":{\"price\":\"$65 (+ processing fee) per person for tournament entry (Early pricing until May 29th)\"}},\"22\":{\"type\":\"price\",\"enabled\":\"1\",\"fields\":{\"price\":\"$75 (+ processing fee) per person for WALK-IN tournament entry (Register early!)\"}},\"23\":{\"type\":\"price\",\"enabled\":\"1\",\"fields\":{\"price\":\"Registering 3 players will reserve your teams spot for the tournament\"}},\"24\":{\"type\":\"price\",\"enabled\":\"1\",\"fields\":{\"price\":\"There are no additional costs beyond this. Each individual player pays and thats it. The registration covers WIT\'s time, Mad City\'s time, the production team\'s time, and the prize pot. Processing fees on behalf of Eventbrite.com.\"}}},\"24\":\"\",\"3\":[\"9\"],\"8\":\"WIT Gaming\\r\\n481 N Commons Dr, Unit F\\r\\nAurora, Illinois\",\"9\":\"41.7605850,-88.3200720\",\"5\":[\"13\",\"14\",\"15\",\"16\",\"17\",\"18\",\"19\"],\"14\":{\"new1\":{\"type\":\"prize\",\"enabled\":\"1\",\"fields\":{\"prize\":\"1st Cookie\"}},\"new2\":{\"type\":\"prize\",\"enabled\":\"1\",\"fields\":{\"prize\":\"2nd Cake\"}}},\"19\":{\"25\":{\"type\":\"promourl\",\"enabled\":\"1\",\"fields\":{\"promourl\":\"https:\\/\\/steelseries.com\\/\",\"promoname\":\"SteelSeries\"}},\"26\":{\"type\":\"promourl\",\"enabled\":\"1\",\"fields\":{\"promourl\":\"http:\\/\\/www.darkmattercoffee.com\\/\",\"promoname\":\"Dark Matter Coffee\"}},\"27\":{\"type\":\"promourl\",\"enabled\":\"1\",\"fields\":{\"promourl\":\"https:\\/\\/www.infiniscene.com\\/\",\"promoname\":\"Infiniscene\"}},\"28\":{\"type\":\"promourl\",\"enabled\":\"1\",\"fields\":{\"promourl\":\"https:\\/\\/www.facebook.com\\/WITGames\\/\",\"promoname\":\"WIT Gaming\"}}},\"6\":[\"12\"],\"12\":\"\",\"25\":{\"date\":\"1\\/1\\/2016\",\"time\":\"10:00 AM\"},\"7\":\"\",\"17\":\"\",\"16\":\"\",\"18\":\"https:\\/\\/www.twitch.tv\\/madcitygg\",\"4\":[\"11\"]}}', '2016-08-15 06:23:57', '2016-08-15 06:23:57', '634a231c-4481-4d16-8685-c8129ba3feb8'),
 ('28', '3', '2', '1', 'en_us', '18', '', '{\"typeId\":\"2\",\"authorId\":\"1\",\"title\":\"Mad City LAN\",\"slug\":\"mad-city-lan\",\"postDate\":1471150800,\"expiryDate\":null,\"enabled\":1,\"parentId\":null,\"fields\":{\"22\":{\"29\":{\"type\":\"bracketembed\",\"enabled\":\"1\",\"fields\":{\"bracketembedhtml\":\"<iframe width=\\\"853\\\" height=\\\"480\\\" src=\\\"https:\\/\\/widget.toornament.com\\/tournaments\\/575eecb6140ba0ea4b8b4567\\/stages\\/1?_locale=en_US&amp;theme=light\\\" allowfullscreen=\\\"\\\"> <\\/iframe>\"}}},\"10\":{\"20\":{\"type\":\"price\",\"enabled\":\"1\",\"fields\":{\"price\":\"NO REFUNDS OR RESALE, must provide proof of purchase.\"}},\"21\":{\"type\":\"price\",\"enabled\":\"1\",\"fields\":{\"price\":\"$65 (+ processing fee) per person for tournament entry (Early pricing until May 29th)\"}},\"22\":{\"type\":\"price\",\"enabled\":\"1\",\"fields\":{\"price\":\"$75 (+ processing fee) per person for WALK-IN tournament entry (Register early!)\"}},\"23\":{\"type\":\"price\",\"enabled\":\"1\",\"fields\":{\"price\":\"Registering 3 players will reserve your teams spot for the tournament\"}},\"24\":{\"type\":\"price\",\"enabled\":\"1\",\"fields\":{\"price\":\"There are no additional costs beyond this. Each individual player pays and thats it. The registration covers WIT\'s time, Mad City\'s time, the production team\'s time, and the prize pot. Processing fees on behalf of Eventbrite.com.\"}}},\"24\":\"\",\"3\":[\"9\"],\"8\":\"WIT Gaming\\r\\n481 N Commons Dr, Unit F\\r\\nAurora, Illinois\",\"9\":\"41.7605850,-88.3200720\",\"5\":[\"13\",\"14\",\"15\",\"16\",\"17\",\"18\",\"19\"],\"26\":{\"new1\":{\"type\":\"placement\",\"enabled\":\"1\",\"fields\":{\"teamplacement\":\"1st:\",\"teamname\":\"Winterfox\",\"teamwinnings\":\"$5000\"}}},\"14\":{\"30\":{\"type\":\"prize\",\"enabled\":\"1\",\"fields\":{\"prize\":\"1st Cookie\"}},\"31\":{\"type\":\"prize\",\"enabled\":\"1\",\"fields\":{\"prize\":\"2nd Cake\"}}},\"19\":{\"25\":{\"type\":\"promourl\",\"enabled\":\"1\",\"fields\":{\"promourl\":\"https:\\/\\/steelseries.com\\/\",\"promoname\":\"SteelSeries\"}},\"26\":{\"type\":\"promourl\",\"enabled\":\"1\",\"fields\":{\"promourl\":\"http:\\/\\/www.darkmattercoffee.com\\/\",\"promoname\":\"Dark Matter Coffee\"}},\"27\":{\"type\":\"promourl\",\"enabled\":\"1\",\"fields\":{\"promourl\":\"https:\\/\\/www.infiniscene.com\\/\",\"promoname\":\"Infiniscene\"}},\"28\":{\"type\":\"promourl\",\"enabled\":\"1\",\"fields\":{\"promourl\":\"https:\\/\\/www.facebook.com\\/WITGames\\/\",\"promoname\":\"WIT Gaming\"}}},\"6\":[\"12\"],\"12\":\"\",\"25\":{\"date\":\"1\\/1\\/2016\",\"time\":\"10:00 AM\"},\"7\":\"\",\"17\":\"\",\"16\":\"\",\"18\":\"https:\\/\\/www.twitch.tv\\/madcitygg\",\"4\":[\"11\"]}}', '2016-08-15 07:26:05', '2016-08-15 07:26:05', '7e06937e-ef83-4dbf-86cb-7f14a161a04b'),
 ('29', '3', '2', '1', 'en_us', '19', '', '{\"typeId\":\"2\",\"authorId\":\"1\",\"title\":\"Mad City LAN\",\"slug\":\"mad-city-lan\",\"postDate\":1471150800,\"expiryDate\":null,\"enabled\":1,\"parentId\":null,\"fields\":{\"22\":{\"29\":{\"type\":\"bracketembed\",\"enabled\":\"1\",\"fields\":{\"bracketembedhtml\":\"<iframe width=\\\"853\\\" height=\\\"480\\\" src=\\\"https:\\/\\/widget.toornament.com\\/tournaments\\/575eecb6140ba0ea4b8b4567\\/stages\\/1?_locale=en_US&amp;theme=light\\\" allowfullscreen=\\\"\\\"> <\\/iframe>\"}}},\"10\":{\"20\":{\"type\":\"price\",\"enabled\":\"1\",\"fields\":{\"price\":\"NO REFUNDS OR RESALE, must provide proof of purchase.\"}},\"21\":{\"type\":\"price\",\"enabled\":\"1\",\"fields\":{\"price\":\"$65 (+ processing fee) per person for tournament entry (Early pricing until May 29th)\"}},\"22\":{\"type\":\"price\",\"enabled\":\"1\",\"fields\":{\"price\":\"$75 (+ processing fee) per person for WALK-IN tournament entry (Register early!)\"}},\"23\":{\"type\":\"price\",\"enabled\":\"1\",\"fields\":{\"price\":\"Registering 3 players will reserve your teams spot for the tournament\"}},\"24\":{\"type\":\"price\",\"enabled\":\"1\",\"fields\":{\"price\":\"There are no additional costs beyond this. Each individual player pays and thats it. The registration covers WIT\'s time, Mad City\'s time, the production team\'s time, and the prize pot. Processing fees on behalf of Eventbrite.com.\"}}},\"24\":\"\",\"3\":[\"9\"],\"8\":\"WIT Gaming\\r\\n481 N Commons Dr, Unit F\\r\\nAurora, Illinois\",\"9\":\"41.7605850,-88.3200720\",\"5\":[\"13\",\"14\",\"15\",\"16\",\"17\",\"18\",\"19\"],\"26\":{\"32\":{\"type\":\"placement\",\"enabled\":\"1\",\"fields\":{\"teamplacement\":\"1st:\",\"teamname\":\"Winterfox\",\"teamwinnings\":\"$5000\",\"teamphoto\":[\"33\"]}}},\"14\":{\"30\":{\"type\":\"prize\",\"enabled\":\"1\",\"fields\":{\"prize\":\"1st Cookie\"}},\"31\":{\"type\":\"prize\",\"enabled\":\"1\",\"fields\":{\"prize\":\"2nd Cake\"}}},\"19\":{\"25\":{\"type\":\"promourl\",\"enabled\":\"1\",\"fields\":{\"promourl\":\"https:\\/\\/steelseries.com\\/\",\"promoname\":\"SteelSeries\"}},\"26\":{\"type\":\"promourl\",\"enabled\":\"1\",\"fields\":{\"promourl\":\"http:\\/\\/www.darkmattercoffee.com\\/\",\"promoname\":\"Dark Matter Coffee\"}},\"27\":{\"type\":\"promourl\",\"enabled\":\"1\",\"fields\":{\"promourl\":\"https:\\/\\/www.infiniscene.com\\/\",\"promoname\":\"Infiniscene\"}},\"28\":{\"type\":\"promourl\",\"enabled\":\"1\",\"fields\":{\"promourl\":\"https:\\/\\/www.facebook.com\\/WITGames\\/\",\"promoname\":\"WIT Gaming\"}}},\"6\":[\"12\"],\"12\":\"\",\"25\":{\"date\":\"1\\/1\\/2016\",\"time\":\"10:00 AM\"},\"7\":\"\",\"17\":\"\",\"16\":\"\",\"18\":\"https:\\/\\/www.twitch.tv\\/madcitygg\",\"4\":[\"11\"]}}', '2016-08-15 07:40:25', '2016-08-15 07:40:25', '5bb4bdd1-d2da-454f-ab73-2f2ff3cc3ceb'),
 ('30', '3', '2', '1', 'en_us', '20', '', '{\"typeId\":\"2\",\"authorId\":\"1\",\"title\":\"Mad City LAN\",\"slug\":\"mad-city-lan\",\"postDate\":1471150800,\"expiryDate\":null,\"enabled\":1,\"parentId\":null,\"fields\":{\"22\":{\"29\":{\"type\":\"bracketembed\",\"enabled\":\"1\",\"fields\":{\"bracketembedhtml\":\"<iframe width=\\\"853\\\" height=\\\"480\\\" src=\\\"https:\\/\\/widget.toornament.com\\/tournaments\\/575eecb6140ba0ea4b8b4567\\/stages\\/1?_locale=en_US&amp;theme=light\\\" allowfullscreen=\\\"\\\"> <\\/iframe>\"}}},\"10\":{\"20\":{\"type\":\"price\",\"enabled\":\"1\",\"fields\":{\"price\":\"NO REFUNDS OR RESALE, must provide proof of purchase.\"}},\"21\":{\"type\":\"price\",\"enabled\":\"1\",\"fields\":{\"price\":\"$65 (+ processing fee) per person for tournament entry (Early pricing until May 29th)\"}},\"22\":{\"type\":\"price\",\"enabled\":\"1\",\"fields\":{\"price\":\"$75 (+ processing fee) per person for WALK-IN tournament entry (Register early!)\"}},\"23\":{\"type\":\"price\",\"enabled\":\"1\",\"fields\":{\"price\":\"Registering 3 players will reserve your teams spot for the tournament\"}},\"24\":{\"type\":\"price\",\"enabled\":\"1\",\"fields\":{\"price\":\"There are no additional costs beyond this. Each individual player pays and thats it. The registration covers WIT\'s time, Mad City\'s time, the production team\'s time, and the prize pot. Processing fees on behalf of Eventbrite.com.\"}}},\"24\":\"\",\"3\":[\"9\"],\"8\":\"WIT Gaming\\r\\n481 N Commons Dr, Unit F\\r\\nAurora, Illinois\",\"9\":\"41.7605850,-88.3200720\",\"5\":[\"13\",\"14\",\"15\",\"16\",\"17\",\"18\",\"19\"],\"26\":{\"32\":{\"type\":\"placement\",\"enabled\":\"1\",\"fields\":{\"teamplacement\":\"1st:\",\"teamname\":\"Winterfox\",\"teamwinnings\":\"$5000\",\"teamphoto\":\"\"}}},\"14\":{\"30\":{\"type\":\"prize\",\"enabled\":\"1\",\"fields\":{\"prize\":\"1st Cookie\"}},\"31\":{\"type\":\"prize\",\"enabled\":\"1\",\"fields\":{\"prize\":\"2nd Cake\"}}},\"19\":{\"25\":{\"type\":\"promourl\",\"enabled\":\"1\",\"fields\":{\"promourl\":\"https:\\/\\/steelseries.com\\/\",\"promoname\":\"SteelSeries\"}},\"26\":{\"type\":\"promourl\",\"enabled\":\"1\",\"fields\":{\"promourl\":\"http:\\/\\/www.darkmattercoffee.com\\/\",\"promoname\":\"Dark Matter Coffee\"}},\"27\":{\"type\":\"promourl\",\"enabled\":\"1\",\"fields\":{\"promourl\":\"https:\\/\\/www.infiniscene.com\\/\",\"promoname\":\"Infiniscene\"}},\"28\":{\"type\":\"promourl\",\"enabled\":\"1\",\"fields\":{\"promourl\":\"https:\\/\\/www.facebook.com\\/WITGames\\/\",\"promoname\":\"WIT Gaming\"}}},\"6\":[\"12\"],\"12\":\"\",\"25\":{\"date\":\"1\\/1\\/2016\",\"time\":\"10:00 AM\"},\"7\":\"\",\"17\":\"\",\"16\":\"\",\"18\":\"https:\\/\\/www.twitch.tv\\/madcitygg\",\"4\":[\"11\"]}}', '2016-08-15 07:40:59', '2016-08-15 07:40:59', 'b1184069-4e40-48af-a3b4-072facbd0f2d'),
 ('31', '3', '2', '1', 'en_us', '21', '', '{\"typeId\":\"2\",\"authorId\":\"1\",\"title\":\"Mad City LAN\",\"slug\":\"mad-city-lan\",\"postDate\":1471150800,\"expiryDate\":null,\"enabled\":1,\"parentId\":null,\"fields\":{\"22\":{\"29\":{\"type\":\"bracketembed\",\"enabled\":\"1\",\"fields\":{\"bracketembedhtml\":\"<iframe width=\\\"853\\\" height=\\\"480\\\" src=\\\"https:\\/\\/widget.toornament.com\\/tournaments\\/575eecb6140ba0ea4b8b4567\\/stages\\/1?_locale=en_US&amp;theme=light\\\" allowfullscreen=\\\"\\\"> <\\/iframe>\"}}},\"10\":{\"20\":{\"type\":\"price\",\"enabled\":\"1\",\"fields\":{\"price\":\"NO REFUNDS OR RESALE, must provide proof of purchase.\"}},\"21\":{\"type\":\"price\",\"enabled\":\"1\",\"fields\":{\"price\":\"$65 (+ processing fee) per person for tournament entry (Early pricing until May 29th)\"}},\"22\":{\"type\":\"price\",\"enabled\":\"1\",\"fields\":{\"price\":\"$75 (+ processing fee) per person for WALK-IN tournament entry (Register early!)\"}},\"23\":{\"type\":\"price\",\"enabled\":\"1\",\"fields\":{\"price\":\"Registering 3 players will reserve your teams spot for the tournament\"}},\"24\":{\"type\":\"price\",\"enabled\":\"1\",\"fields\":{\"price\":\"There are no additional costs beyond this. Each individual player pays and thats it. The registration covers WIT\'s time, Mad City\'s time, the production team\'s time, and the prize pot. Processing fees on behalf of Eventbrite.com.\"}}},\"24\":\"\",\"3\":[\"9\"],\"8\":\"WIT Gaming\\r\\n481 N Commons Dr, Unit F\\r\\nAurora, Illinois\",\"9\":\"41.7605850,-88.3200720\",\"5\":[\"13\",\"14\",\"15\",\"16\",\"17\",\"18\",\"19\"],\"26\":{\"32\":{\"type\":\"placement\",\"enabled\":\"1\",\"fields\":{\"teamplacement\":\"1st:\",\"teamname\":\"Winterfox\",\"teamwinnings\":\"$5000\",\"teamphoto\":[\"34\"]}}},\"14\":{\"30\":{\"type\":\"prize\",\"enabled\":\"1\",\"fields\":{\"prize\":\"1st Cookie\"}},\"31\":{\"type\":\"prize\",\"enabled\":\"1\",\"fields\":{\"prize\":\"2nd Cake\"}}},\"19\":{\"25\":{\"type\":\"promourl\",\"enabled\":\"1\",\"fields\":{\"promourl\":\"https:\\/\\/steelseries.com\\/\",\"promoname\":\"SteelSeries\"}},\"26\":{\"type\":\"promourl\",\"enabled\":\"1\",\"fields\":{\"promourl\":\"http:\\/\\/www.darkmattercoffee.com\\/\",\"promoname\":\"Dark Matter Coffee\"}},\"27\":{\"type\":\"promourl\",\"enabled\":\"1\",\"fields\":{\"promourl\":\"https:\\/\\/www.infiniscene.com\\/\",\"promoname\":\"Infiniscene\"}},\"28\":{\"type\":\"promourl\",\"enabled\":\"1\",\"fields\":{\"promourl\":\"https:\\/\\/www.facebook.com\\/WITGames\\/\",\"promoname\":\"WIT Gaming\"}}},\"6\":[\"12\"],\"12\":\"\",\"25\":{\"date\":\"1\\/1\\/2016\",\"time\":\"10:00 AM\"},\"7\":\"\",\"17\":\"\",\"16\":\"\",\"18\":\"https:\\/\\/www.twitch.tv\\/madcitygg\",\"4\":[\"11\"]}}', '2016-08-15 07:42:16', '2016-08-15 07:42:16', '439541f1-ae93-49f9-9931-2527d3a66b42'),
 ('32', '3', '2', '1', 'en_us', '22', '', '{\"typeId\":\"2\",\"authorId\":\"1\",\"title\":\"Mad City LAN\",\"slug\":\"mad-city-lan\",\"postDate\":1471150800,\"expiryDate\":null,\"enabled\":1,\"parentId\":null,\"fields\":{\"22\":{\"29\":{\"type\":\"bracketembed\",\"enabled\":\"1\",\"fields\":{\"bracketembedhtml\":\"<iframe width=\\\"853\\\" height=\\\"480\\\" src=\\\"https:\\/\\/widget.toornament.com\\/tournaments\\/575eecb6140ba0ea4b8b4567\\/stages\\/1?_locale=en_US&amp;theme=light\\\" allowfullscreen=\\\"\\\"> <\\/iframe>\"}}},\"10\":{\"20\":{\"type\":\"price\",\"enabled\":\"1\",\"fields\":{\"price\":\"NO REFUNDS OR RESALE, must provide proof of purchase.\"}},\"21\":{\"type\":\"price\",\"enabled\":\"1\",\"fields\":{\"price\":\"$65 (+ processing fee) per person for tournament entry (Early pricing until May 29th)\"}},\"22\":{\"type\":\"price\",\"enabled\":\"1\",\"fields\":{\"price\":\"$75 (+ processing fee) per person for WALK-IN tournament entry (Register early!)\"}},\"23\":{\"type\":\"price\",\"enabled\":\"1\",\"fields\":{\"price\":\"Registering 3 players will reserve your teams spot for the tournament\"}},\"24\":{\"type\":\"price\",\"enabled\":\"1\",\"fields\":{\"price\":\"There are no additional costs beyond this. Each individual player pays and thats it. The registration covers WIT\'s time, Mad City\'s time, the production team\'s time, and the prize pot. Processing fees on behalf of Eventbrite.com.\"}}},\"24\":\"\",\"31\":[\"36\",\"35\",\"37\"],\"3\":[\"9\"],\"8\":\"WIT Gaming\\r\\n481 N Commons Dr, Unit F\\r\\nAurora, Illinois\",\"9\":\"41.7605850,-88.3200720\",\"5\":[\"13\",\"14\",\"15\",\"16\",\"17\",\"18\",\"19\"],\"26\":{\"32\":{\"type\":\"placement\",\"enabled\":\"1\",\"fields\":{\"teamplacement\":\"1st:\",\"teamname\":\"Winterfox\",\"teamwinnings\":\"$5000\",\"teamphoto\":[\"34\"]}}},\"14\":{\"30\":{\"type\":\"prize\",\"enabled\":\"1\",\"fields\":{\"prize\":\"1st Cookie\"}},\"31\":{\"type\":\"prize\",\"enabled\":\"1\",\"fields\":{\"prize\":\"2nd Cake\"}}},\"19\":{\"25\":{\"type\":\"promourl\",\"enabled\":\"1\",\"fields\":{\"promourl\":\"https:\\/\\/steelseries.com\\/\",\"promoname\":\"SteelSeries\"}},\"26\":{\"type\":\"promourl\",\"enabled\":\"1\",\"fields\":{\"promourl\":\"http:\\/\\/www.darkmattercoffee.com\\/\",\"promoname\":\"Dark Matter Coffee\"}},\"27\":{\"type\":\"promourl\",\"enabled\":\"1\",\"fields\":{\"promourl\":\"https:\\/\\/www.infiniscene.com\\/\",\"promoname\":\"Infiniscene\"}},\"28\":{\"type\":\"promourl\",\"enabled\":\"1\",\"fields\":{\"promourl\":\"https:\\/\\/www.facebook.com\\/WITGames\\/\",\"promoname\":\"WIT Gaming\"}}},\"6\":[\"12\"],\"12\":\"\",\"25\":{\"date\":\"1\\/1\\/2016\",\"time\":\"10:00 AM\"},\"7\":\"\",\"17\":\"\",\"16\":\"\",\"18\":\"https:\\/\\/www.twitch.tv\\/madcitygg\",\"4\":[\"11\"]}}', '2016-08-15 07:45:53', '2016-08-15 07:45:53', 'abfad46d-518b-4486-97f9-827efa57612f'),
 ('33', '3', '2', '1', 'en_us', '23', '', '{\"typeId\":\"2\",\"authorId\":\"1\",\"title\":\"Mad City LAN\",\"slug\":\"mad-city-lan\",\"postDate\":1471150800,\"expiryDate\":null,\"enabled\":1,\"parentId\":null,\"fields\":{\"22\":{\"29\":{\"type\":\"bracketembed\",\"enabled\":\"1\",\"fields\":{\"bracketembedhtml\":\"<iframe width=\\\"853\\\" height=\\\"480\\\" src=\\\"https:\\/\\/widget.toornament.com\\/tournaments\\/575eecb6140ba0ea4b8b4567\\/stages\\/1?_locale=en_US&amp;theme=light\\\" allowfullscreen=\\\"\\\"> <\\/iframe>\"}}},\"10\":{\"20\":{\"type\":\"price\",\"enabled\":\"1\",\"fields\":{\"price\":\"NO REFUNDS OR RESALE, must provide proof of purchase.\"}},\"21\":{\"type\":\"price\",\"enabled\":\"1\",\"fields\":{\"price\":\"$65 (+ processing fee) per person for tournament entry (Early pricing until May 29th)\"}},\"22\":{\"type\":\"price\",\"enabled\":\"1\",\"fields\":{\"price\":\"$75 (+ processing fee) per person for WALK-IN tournament entry (Register early!)\"}},\"23\":{\"type\":\"price\",\"enabled\":\"1\",\"fields\":{\"price\":\"Registering 3 players will reserve your teams spot for the tournament\"}},\"24\":{\"type\":\"price\",\"enabled\":\"1\",\"fields\":{\"price\":\"There are no additional costs beyond this. Each individual player pays and thats it. The registration covers WIT\'s time, Mad City\'s time, the production team\'s time, and the prize pot. Processing fees on behalf of Eventbrite.com.\"}}},\"24\":\"\",\"31\":[\"39\",\"38\",\"40\"],\"3\":[\"9\"],\"8\":\"WIT Gaming\\r\\n481 N Commons Dr, Unit F\\r\\nAurora, Illinois\",\"9\":\"41.7605850,-88.3200720\",\"5\":[\"13\",\"14\",\"15\",\"16\",\"17\",\"18\",\"19\"],\"26\":{\"32\":{\"type\":\"placement\",\"enabled\":\"1\",\"fields\":{\"teamplacement\":\"1st:\",\"teamname\":\"Winterfox\",\"teamwinnings\":\"$5000\",\"teamphoto\":\"\"}}},\"14\":{\"30\":{\"type\":\"prize\",\"enabled\":\"1\",\"fields\":{\"prize\":\"1st Cookie\"}},\"31\":{\"type\":\"prize\",\"enabled\":\"1\",\"fields\":{\"prize\":\"2nd Cake\"}}},\"19\":{\"25\":{\"type\":\"promourl\",\"enabled\":\"1\",\"fields\":{\"promourl\":\"https:\\/\\/steelseries.com\\/\",\"promoname\":\"SteelSeries\"}},\"26\":{\"type\":\"promourl\",\"enabled\":\"1\",\"fields\":{\"promourl\":\"http:\\/\\/www.darkmattercoffee.com\\/\",\"promoname\":\"Dark Matter Coffee\"}},\"27\":{\"type\":\"promourl\",\"enabled\":\"1\",\"fields\":{\"promourl\":\"https:\\/\\/www.infiniscene.com\\/\",\"promoname\":\"Infiniscene\"}},\"28\":{\"type\":\"promourl\",\"enabled\":\"1\",\"fields\":{\"promourl\":\"https:\\/\\/www.facebook.com\\/WITGames\\/\",\"promoname\":\"WIT Gaming\"}}},\"6\":[\"12\"],\"12\":\"\",\"25\":{\"date\":\"1\\/1\\/2016\",\"time\":\"10:00 AM\"},\"7\":\"\",\"17\":\"\",\"16\":\"\",\"18\":\"https:\\/\\/www.twitch.tv\\/madcitygg\",\"4\":[\"11\"]}}', '2016-08-15 07:51:32', '2016-08-15 07:51:32', '489c308c-276e-4a9e-a9a8-de0dbee29516'),
 ('34', '3', '2', '1', 'en_us', '24', '', '{\"typeId\":\"2\",\"authorId\":\"1\",\"title\":\"Mad City LAN\",\"slug\":\"mad-city-lan\",\"postDate\":1471150800,\"expiryDate\":null,\"enabled\":1,\"parentId\":null,\"fields\":{\"22\":{\"29\":{\"type\":\"bracketembed\",\"enabled\":\"1\",\"fields\":{\"bracketembedhtml\":\"<iframe width=\\\"853\\\" height=\\\"480\\\" src=\\\"https:\\/\\/widget.toornament.com\\/tournaments\\/575eecb6140ba0ea4b8b4567\\/stages\\/1?_locale=en_US&amp;theme=light\\\" allowfullscreen=\\\"\\\"> <\\/iframe>\"}}},\"10\":{\"20\":{\"type\":\"price\",\"enabled\":\"1\",\"fields\":{\"price\":\"NO REFUNDS OR RESALE, must provide proof of purchase.\"}},\"21\":{\"type\":\"price\",\"enabled\":\"1\",\"fields\":{\"price\":\"$65 (+ processing fee) per person for tournament entry (Early pricing until May 29th)\"}},\"22\":{\"type\":\"price\",\"enabled\":\"1\",\"fields\":{\"price\":\"$75 (+ processing fee) per person for WALK-IN tournament entry (Register early!)\"}},\"23\":{\"type\":\"price\",\"enabled\":\"1\",\"fields\":{\"price\":\"Registering 3 players will reserve your teams spot for the tournament\"}},\"24\":{\"type\":\"price\",\"enabled\":\"1\",\"fields\":{\"price\":\"There are no additional costs beyond this. Each individual player pays and thats it. The registration covers WIT\'s time, Mad City\'s time, the production team\'s time, and the prize pot. Processing fees on behalf of Eventbrite.com.\"}}},\"24\":\"\",\"31\":[\"42\",\"41\",\"43\"],\"3\":[\"9\"],\"8\":\"WIT Gaming\\r\\n481 N Commons Dr, Unit F\\r\\nAurora, Illinois\",\"9\":\"41.7605850,-88.3200720\",\"5\":[\"13\",\"14\",\"15\",\"16\",\"17\",\"18\",\"19\"],\"26\":{\"32\":{\"type\":\"placement\",\"enabled\":\"1\",\"fields\":{\"teamplacement\":\"1st:\",\"teamname\":\"Winterfox\",\"teamwinnings\":\"$5000\",\"teamphoto\":\"\"}}},\"14\":{\"30\":{\"type\":\"prize\",\"enabled\":\"1\",\"fields\":{\"prize\":\"1st Cookie\"}},\"31\":{\"type\":\"prize\",\"enabled\":\"1\",\"fields\":{\"prize\":\"2nd Cake\"}}},\"19\":{\"25\":{\"type\":\"promourl\",\"enabled\":\"1\",\"fields\":{\"promourl\":\"https:\\/\\/steelseries.com\\/\",\"promoname\":\"SteelSeries\"}},\"26\":{\"type\":\"promourl\",\"enabled\":\"1\",\"fields\":{\"promourl\":\"http:\\/\\/www.darkmattercoffee.com\\/\",\"promoname\":\"Dark Matter Coffee\"}},\"27\":{\"type\":\"promourl\",\"enabled\":\"1\",\"fields\":{\"promourl\":\"https:\\/\\/www.infiniscene.com\\/\",\"promoname\":\"Infiniscene\"}},\"28\":{\"type\":\"promourl\",\"enabled\":\"1\",\"fields\":{\"promourl\":\"https:\\/\\/www.facebook.com\\/WITGames\\/\",\"promoname\":\"WIT Gaming\"}}},\"6\":[\"12\"],\"12\":\"\",\"25\":{\"date\":\"1\\/1\\/2016\",\"time\":\"10:00 AM\"},\"7\":\"\",\"17\":\"\",\"16\":\"\",\"18\":\"https:\\/\\/www.twitch.tv\\/madcitygg\",\"4\":[\"11\"]}}', '2016-08-15 07:53:29', '2016-08-15 07:53:29', 'f1e81134-a092-4370-a5a9-521fda12387d'),
 ('35', '3', '2', '1', 'en_us', '25', '', '{\"typeId\":\"2\",\"authorId\":\"1\",\"title\":\"Mad City LAN\",\"slug\":\"mad-city-lan\",\"postDate\":1471150800,\"expiryDate\":null,\"enabled\":1,\"parentId\":null,\"fields\":{\"22\":{\"29\":{\"type\":\"bracketembed\",\"enabled\":\"1\",\"fields\":{\"bracketembedhtml\":\"<iframe width=\\\"853\\\" height=\\\"480\\\" src=\\\"https:\\/\\/widget.toornament.com\\/tournaments\\/575eecb6140ba0ea4b8b4567\\/stages\\/1?_locale=en_US&amp;theme=light\\\" allowfullscreen=\\\"\\\"> <\\/iframe>\"}}},\"10\":{\"20\":{\"type\":\"price\",\"enabled\":\"1\",\"fields\":{\"price\":\"NO REFUNDS OR RESALE, must provide proof of purchase.\"}},\"21\":{\"type\":\"price\",\"enabled\":\"1\",\"fields\":{\"price\":\"$65 (+ processing fee) per person for tournament entry (Early pricing until May 29th)\"}},\"22\":{\"type\":\"price\",\"enabled\":\"1\",\"fields\":{\"price\":\"$75 (+ processing fee) per person for WALK-IN tournament entry (Register early!)\"}},\"23\":{\"type\":\"price\",\"enabled\":\"1\",\"fields\":{\"price\":\"Registering 3 players will reserve your teams spot for the tournament\"}},\"24\":{\"type\":\"price\",\"enabled\":\"1\",\"fields\":{\"price\":\"There are no additional costs beyond this. Each individual player pays and thats it. The registration covers WIT\'s time, Mad City\'s time, the production team\'s time, and the prize pot. Processing fees on behalf of Eventbrite.com.\"}}},\"24\":\"\",\"31\":[\"45\",\"44\"],\"3\":[\"9\"],\"8\":\"WIT Gaming\\r\\n481 N Commons Dr, Unit F\\r\\nAurora, Illinois\",\"9\":\"41.7605850,-88.3200720\",\"5\":[\"13\",\"14\",\"15\",\"16\",\"17\",\"18\",\"19\"],\"26\":{\"32\":{\"type\":\"placement\",\"enabled\":\"1\",\"fields\":{\"teamplacement\":\"1st:\",\"teamname\":\"Winterfox\",\"teamwinnings\":\"$5000\",\"teamphoto\":\"\"}}},\"14\":{\"30\":{\"type\":\"prize\",\"enabled\":\"1\",\"fields\":{\"prize\":\"1st Cookie\"}},\"31\":{\"type\":\"prize\",\"enabled\":\"1\",\"fields\":{\"prize\":\"2nd Cake\"}}},\"19\":{\"25\":{\"type\":\"promourl\",\"enabled\":\"1\",\"fields\":{\"promourl\":\"https:\\/\\/steelseries.com\\/\",\"promoname\":\"SteelSeries\"}},\"26\":{\"type\":\"promourl\",\"enabled\":\"1\",\"fields\":{\"promourl\":\"http:\\/\\/www.darkmattercoffee.com\\/\",\"promoname\":\"Dark Matter Coffee\"}},\"27\":{\"type\":\"promourl\",\"enabled\":\"1\",\"fields\":{\"promourl\":\"https:\\/\\/www.infiniscene.com\\/\",\"promoname\":\"Infiniscene\"}},\"28\":{\"type\":\"promourl\",\"enabled\":\"1\",\"fields\":{\"promourl\":\"https:\\/\\/www.facebook.com\\/WITGames\\/\",\"promoname\":\"WIT Gaming\"}}},\"6\":[\"12\"],\"12\":\"\",\"25\":{\"date\":\"1\\/1\\/2016\",\"time\":\"10:00 AM\"},\"7\":\"\",\"17\":\"\",\"16\":\"\",\"18\":\"https:\\/\\/www.twitch.tv\\/madcitygg\",\"4\":[\"11\"]}}', '2016-08-15 08:07:57', '2016-08-15 08:07:57', 'fe4511ee-9a73-434d-b146-42f2465d3617'),
 ('36', '3', '2', '1', 'en_us', '26', '', '{\"typeId\":\"2\",\"authorId\":\"1\",\"title\":\"Mad City LAN\",\"slug\":\"mad-city-lan\",\"postDate\":1471150800,\"expiryDate\":null,\"enabled\":1,\"parentId\":null,\"fields\":{\"22\":{\"29\":{\"type\":\"bracketembed\",\"enabled\":\"1\",\"fields\":{\"bracketembedhtml\":\"<iframe width=\\\"853\\\" height=\\\"480\\\" src=\\\"https:\\/\\/widget.toornament.com\\/tournaments\\/575eecb6140ba0ea4b8b4567\\/stages\\/1?_locale=en_US&amp;theme=light\\\" allowfullscreen=\\\"\\\"> <\\/iframe>\"}}},\"10\":{\"20\":{\"type\":\"price\",\"enabled\":\"1\",\"fields\":{\"price\":\"NO REFUNDS OR RESALE, must provide proof of purchase.\"}},\"21\":{\"type\":\"price\",\"enabled\":\"1\",\"fields\":{\"price\":\"$65 (+ processing fee) per person for tournament entry (Early pricing until May 29th)\"}},\"22\":{\"type\":\"price\",\"enabled\":\"1\",\"fields\":{\"price\":\"$75 (+ processing fee) per person for WALK-IN tournament entry (Register early!)\"}},\"23\":{\"type\":\"price\",\"enabled\":\"1\",\"fields\":{\"price\":\"Registering 3 players will reserve your teams spot for the tournament\"}},\"24\":{\"type\":\"price\",\"enabled\":\"1\",\"fields\":{\"price\":\"There are no additional costs beyond this. Each individual player pays and thats it. The registration covers WIT\'s time, Mad City\'s time, the production team\'s time, and the prize pot. Processing fees on behalf of Eventbrite.com.\"}}},\"24\":\"\",\"31\":[\"47\",\"46\"],\"3\":[\"9\"],\"8\":\"WIT Gaming\\r\\n481 N Commons Dr, Unit F\\r\\nAurora, Illinois\",\"9\":\"41.7605850,-88.3200720\",\"5\":[\"13\",\"14\",\"15\",\"16\",\"17\",\"18\",\"19\"],\"26\":{\"32\":{\"type\":\"placement\",\"enabled\":\"1\",\"fields\":{\"teamplacement\":\"1st:\",\"teamname\":\"Winterfox\",\"teamwinnings\":\"$5000\",\"teamphoto\":\"\"}}},\"14\":{\"30\":{\"type\":\"prize\",\"enabled\":\"1\",\"fields\":{\"prize\":\"1st Cookie\"}},\"31\":{\"type\":\"prize\",\"enabled\":\"1\",\"fields\":{\"prize\":\"2nd Cake\"}}},\"19\":{\"25\":{\"type\":\"promourl\",\"enabled\":\"1\",\"fields\":{\"promourl\":\"https:\\/\\/steelseries.com\\/\",\"promoname\":\"SteelSeries\"}},\"26\":{\"type\":\"promourl\",\"enabled\":\"1\",\"fields\":{\"promourl\":\"http:\\/\\/www.darkmattercoffee.com\\/\",\"promoname\":\"Dark Matter Coffee\"}},\"27\":{\"type\":\"promourl\",\"enabled\":\"1\",\"fields\":{\"promourl\":\"https:\\/\\/www.infiniscene.com\\/\",\"promoname\":\"Infiniscene\"}},\"28\":{\"type\":\"promourl\",\"enabled\":\"1\",\"fields\":{\"promourl\":\"https:\\/\\/www.facebook.com\\/WITGames\\/\",\"promoname\":\"WIT Gaming\"}}},\"6\":[\"12\"],\"12\":\"\",\"25\":{\"date\":\"1\\/1\\/2016\",\"time\":\"10:00 AM\"},\"7\":\"\",\"17\":\"\",\"16\":\"\",\"18\":\"https:\\/\\/www.twitch.tv\\/madcitygg\",\"4\":[\"11\"]}}', '2016-08-15 08:09:35', '2016-08-15 08:09:35', 'f394468d-23c9-4847-b5ec-b6015e82e4c5'),
 ('37', '3', '2', '1', 'en_us', '27', '', '{\"typeId\":\"2\",\"authorId\":\"1\",\"title\":\"Mad City LAN\",\"slug\":\"mad-city-lan\",\"postDate\":1471150800,\"expiryDate\":null,\"enabled\":1,\"parentId\":null,\"fields\":{\"22\":{\"29\":{\"type\":\"bracketembed\",\"enabled\":\"1\",\"fields\":{\"bracketembedhtml\":\"<iframe width=\\\"853\\\" height=\\\"480\\\" src=\\\"https:\\/\\/widget.toornament.com\\/tournaments\\/575eecb6140ba0ea4b8b4567\\/stages\\/1?_locale=en_US&amp;theme=light\\\" allowfullscreen=\\\"\\\"> <\\/iframe>\"}}},\"10\":{\"20\":{\"type\":\"price\",\"enabled\":\"1\",\"fields\":{\"price\":\"NO REFUNDS OR RESALE, must provide proof of purchase.\"}},\"21\":{\"type\":\"price\",\"enabled\":\"1\",\"fields\":{\"price\":\"$65 (+ processing fee) per person for tournament entry (Early pricing until May 29th)\"}},\"22\":{\"type\":\"price\",\"enabled\":\"1\",\"fields\":{\"price\":\"$75 (+ processing fee) per person for WALK-IN tournament entry (Register early!)\"}},\"23\":{\"type\":\"price\",\"enabled\":\"1\",\"fields\":{\"price\":\"Registering 3 players will reserve your teams spot for the tournament\"}},\"24\":{\"type\":\"price\",\"enabled\":\"1\",\"fields\":{\"price\":\"There are no additional costs beyond this. Each individual player pays and thats it. The registration covers WIT\'s time, Mad City\'s time, the production team\'s time, and the prize pot. Processing fees on behalf of Eventbrite.com.\"}}},\"24\":\"\",\"31\":[\"51\",\"50\",\"49\"],\"3\":[\"9\"],\"8\":\"WIT Gaming\\r\\n481 N Commons Dr, Unit F\\r\\nAurora, Illinois\",\"9\":\"41.7605850,-88.3200720\",\"5\":[\"13\",\"14\",\"15\",\"16\",\"17\",\"18\",\"19\"],\"26\":{\"32\":{\"type\":\"placement\",\"enabled\":\"1\",\"fields\":{\"teamplacement\":\"1st:\",\"teamname\":\"Winterfox\",\"teamwinnings\":\"$5000\",\"teamphoto\":[\"48\"]}}},\"14\":{\"30\":{\"type\":\"prize\",\"enabled\":\"1\",\"fields\":{\"prize\":\"1st Cookie\"}},\"31\":{\"type\":\"prize\",\"enabled\":\"1\",\"fields\":{\"prize\":\"2nd Cake\"}}},\"19\":{\"25\":{\"type\":\"promourl\",\"enabled\":\"1\",\"fields\":{\"promourl\":\"https:\\/\\/steelseries.com\\/\",\"promoname\":\"SteelSeries\"}},\"26\":{\"type\":\"promourl\",\"enabled\":\"1\",\"fields\":{\"promourl\":\"http:\\/\\/www.darkmattercoffee.com\\/\",\"promoname\":\"Dark Matter Coffee\"}},\"27\":{\"type\":\"promourl\",\"enabled\":\"1\",\"fields\":{\"promourl\":\"https:\\/\\/www.infiniscene.com\\/\",\"promoname\":\"Infiniscene\"}},\"28\":{\"type\":\"promourl\",\"enabled\":\"1\",\"fields\":{\"promourl\":\"https:\\/\\/www.facebook.com\\/WITGames\\/\",\"promoname\":\"WIT Gaming\"}}},\"6\":[\"12\"],\"12\":\"\",\"25\":{\"date\":\"1\\/1\\/2016\",\"time\":\"10:00 AM\"},\"7\":\"\",\"17\":\"\",\"16\":\"\",\"18\":\"https:\\/\\/www.twitch.tv\\/madcitygg\",\"4\":[\"11\"]}}', '2016-08-15 08:10:48', '2016-08-15 08:10:48', '674484c0-50e3-4ed5-a5c9-e2a073b71c9e'),
 ('38', '3', '2', '1', 'en_us', '28', '', '{\"typeId\":\"2\",\"authorId\":\"1\",\"title\":\"Mad City LAN\",\"slug\":\"mad-city-lan\",\"postDate\":1471150800,\"expiryDate\":null,\"enabled\":1,\"parentId\":null,\"fields\":{\"22\":{\"29\":{\"type\":\"bracketembed\",\"enabled\":\"1\",\"fields\":{\"bracketembedhtml\":\"<iframe width=\\\"853\\\" height=\\\"480\\\" src=\\\"https:\\/\\/widget.toornament.com\\/tournaments\\/575eecb6140ba0ea4b8b4567\\/stages\\/1?_locale=en_US&amp;theme=light\\\" allowfullscreen=\\\"\\\"> <\\/iframe>\"}}},\"10\":{\"20\":{\"type\":\"price\",\"enabled\":\"1\",\"fields\":{\"price\":\"NO REFUNDS OR RESALE, must provide proof of purchase.\"}},\"21\":{\"type\":\"price\",\"enabled\":\"1\",\"fields\":{\"price\":\"$65 (+ processing fee) per person for tournament entry (Early pricing until May 29th)\"}},\"22\":{\"type\":\"price\",\"enabled\":\"1\",\"fields\":{\"price\":\"$75 (+ processing fee) per person for WALK-IN tournament entry (Register early!)\"}},\"23\":{\"type\":\"price\",\"enabled\":\"1\",\"fields\":{\"price\":\"Registering 3 players will reserve your teams spot for the tournament\"}},\"24\":{\"type\":\"price\",\"enabled\":\"1\",\"fields\":{\"price\":\"There are no additional costs beyond this. Each individual player pays and thats it. The registration covers WIT\'s time, Mad City\'s time, the production team\'s time, and the prize pot. Processing fees on behalf of Eventbrite.com.\"}}},\"24\":\"\",\"31\":[\"53\",\"52\",\"54\"],\"3\":[\"9\"],\"8\":\"WIT Gaming\\r\\n481 N Commons Dr, Unit F\\r\\nAurora, Illinois\",\"9\":\"41.7605850,-88.3200720\",\"5\":[\"13\",\"14\",\"15\",\"16\",\"17\",\"18\",\"19\"],\"26\":{\"32\":{\"type\":\"placement\",\"enabled\":\"1\",\"fields\":{\"teamplacement\":\"1st:\",\"teamname\":\"Winterfox\",\"teamwinnings\":\"$5000\",\"teamphoto\":\"\"}}},\"14\":{\"30\":{\"type\":\"prize\",\"enabled\":\"1\",\"fields\":{\"prize\":\"1st Cookie\"}},\"31\":{\"type\":\"prize\",\"enabled\":\"1\",\"fields\":{\"prize\":\"2nd Cake\"}}},\"19\":{\"25\":{\"type\":\"promourl\",\"enabled\":\"1\",\"fields\":{\"promourl\":\"https:\\/\\/steelseries.com\\/\",\"promoname\":\"SteelSeries\"}},\"26\":{\"type\":\"promourl\",\"enabled\":\"1\",\"fields\":{\"promourl\":\"http:\\/\\/www.darkmattercoffee.com\\/\",\"promoname\":\"Dark Matter Coffee\"}},\"27\":{\"type\":\"promourl\",\"enabled\":\"1\",\"fields\":{\"promourl\":\"https:\\/\\/www.infiniscene.com\\/\",\"promoname\":\"Infiniscene\"}},\"28\":{\"type\":\"promourl\",\"enabled\":\"1\",\"fields\":{\"promourl\":\"https:\\/\\/www.facebook.com\\/WITGames\\/\",\"promoname\":\"WIT Gaming\"}}},\"6\":[\"12\"],\"12\":\"\",\"25\":{\"date\":\"1\\/1\\/2016\",\"time\":\"10:00 AM\"},\"7\":\"\",\"17\":\"\",\"16\":\"\",\"18\":\"https:\\/\\/www.twitch.tv\\/madcitygg\",\"4\":[\"11\"]}}', '2016-08-15 08:15:44', '2016-08-15 08:15:44', '78ffdafe-c619-4a78-af38-daa076126257'),
 ('39', '3', '2', '1', 'en_us', '29', '', '{\"typeId\":\"2\",\"authorId\":\"1\",\"title\":\"Mad City LAN\",\"slug\":\"mad-city-lan\",\"postDate\":1471150800,\"expiryDate\":null,\"enabled\":1,\"parentId\":null,\"fields\":{\"22\":{\"29\":{\"type\":\"bracketembed\",\"enabled\":\"1\",\"fields\":{\"bracketembedhtml\":\"<iframe width=\\\"853\\\" height=\\\"480\\\" src=\\\"https:\\/\\/widget.toornament.com\\/tournaments\\/575eecb6140ba0ea4b8b4567\\/stages\\/1?_locale=en_US&amp;theme=light\\\" allowfullscreen=\\\"\\\"> <\\/iframe>\"}}},\"10\":{\"20\":{\"type\":\"price\",\"enabled\":\"1\",\"fields\":{\"price\":\"NO REFUNDS OR RESALE, must provide proof of purchase.\"}},\"21\":{\"type\":\"price\",\"enabled\":\"1\",\"fields\":{\"price\":\"$65 (+ processing fee) per person for tournament entry (Early pricing until May 29th)\"}},\"22\":{\"type\":\"price\",\"enabled\":\"1\",\"fields\":{\"price\":\"$75 (+ processing fee) per person for WALK-IN tournament entry (Register early!)\"}},\"23\":{\"type\":\"price\",\"enabled\":\"1\",\"fields\":{\"price\":\"Registering 3 players will reserve your teams spot for the tournament\"}},\"24\":{\"type\":\"price\",\"enabled\":\"1\",\"fields\":{\"price\":\"There are no additional costs beyond this. Each individual player pays and thats it. The registration covers WIT\'s time, Mad City\'s time, the production team\'s time, and the prize pot. Processing fees on behalf of Eventbrite.com.\"}}},\"24\":\"\",\"31\":[\"53\",\"52\",\"54\"],\"3\":[\"9\"],\"8\":\"WIT Gaming\\r\\n481 N Commons Dr, Unit F\\r\\nAurora, Illinois\",\"9\":\"41.7605850,-88.3200720\",\"5\":[\"13\",\"14\",\"15\",\"16\",\"17\",\"18\",\"19\"],\"26\":{\"32\":{\"type\":\"placement\",\"enabled\":\"1\",\"fields\":{\"teamplacement\":\"1st:\",\"teamname\":\"Winterfox\",\"teamwinnings\":\"$5000\",\"teamphoto\":[\"55\"]}}},\"14\":{\"30\":{\"type\":\"prize\",\"enabled\":\"1\",\"fields\":{\"prize\":\"1st Cookie\"}},\"31\":{\"type\":\"prize\",\"enabled\":\"1\",\"fields\":{\"prize\":\"2nd Cake\"}}},\"19\":{\"25\":{\"type\":\"promourl\",\"enabled\":\"1\",\"fields\":{\"promourl\":\"https:\\/\\/steelseries.com\\/\",\"promoname\":\"SteelSeries\"}},\"26\":{\"type\":\"promourl\",\"enabled\":\"1\",\"fields\":{\"promourl\":\"http:\\/\\/www.darkmattercoffee.com\\/\",\"promoname\":\"Dark Matter Coffee\"}},\"27\":{\"type\":\"promourl\",\"enabled\":\"1\",\"fields\":{\"promourl\":\"https:\\/\\/www.infiniscene.com\\/\",\"promoname\":\"Infiniscene\"}},\"28\":{\"type\":\"promourl\",\"enabled\":\"1\",\"fields\":{\"promourl\":\"https:\\/\\/www.facebook.com\\/WITGames\\/\",\"promoname\":\"WIT Gaming\"}}},\"6\":[\"12\"],\"12\":\"\",\"25\":{\"date\":\"1\\/1\\/2016\",\"time\":\"10:00 AM\"},\"7\":\"\",\"17\":\"\",\"16\":\"\",\"18\":\"https:\\/\\/www.twitch.tv\\/madcitygg\",\"4\":[\"11\"]}}', '2016-08-15 08:20:00', '2016-08-15 08:20:00', '8561a3c3-73ca-4b49-a1d7-610ea5832f15'),
 ('40', '3', '2', '1', 'en_us', '30', '', '{\"typeId\":\"2\",\"authorId\":\"1\",\"title\":\"Mad City LAN\",\"slug\":\"mad-city-lan\",\"postDate\":1471150800,\"expiryDate\":null,\"enabled\":1,\"parentId\":null,\"fields\":{\"22\":{\"29\":{\"type\":\"bracketembed\",\"enabled\":\"1\",\"fields\":{\"bracketembedhtml\":\"<iframe width=\\\"853\\\" height=\\\"480\\\" src=\\\"https:\\/\\/widget.toornament.com\\/tournaments\\/575eecb6140ba0ea4b8b4567\\/stages\\/1?_locale=en_US&amp;theme=light\\\" allowfullscreen=\\\"\\\"> <\\/iframe>\"}}},\"10\":{\"20\":{\"type\":\"price\",\"enabled\":\"1\",\"fields\":{\"price\":\"NO REFUNDS OR RESALE, must provide proof of purchase.\"}},\"21\":{\"type\":\"price\",\"enabled\":\"1\",\"fields\":{\"price\":\"$65 (+ processing fee) per person for tournament entry (Early pricing until May 29th)\"}},\"22\":{\"type\":\"price\",\"enabled\":\"1\",\"fields\":{\"price\":\"$75 (+ processing fee) per person for WALK-IN tournament entry (Register early!)\"}},\"23\":{\"type\":\"price\",\"enabled\":\"1\",\"fields\":{\"price\":\"Registering 3 players will reserve your teams spot for the tournament\"}},\"24\":{\"type\":\"price\",\"enabled\":\"1\",\"fields\":{\"price\":\"There are no additional costs beyond this. Each individual player pays and thats it. The registration covers WIT\'s time, Mad City\'s time, the production team\'s time, and the prize pot. Processing fees on behalf of Eventbrite.com.\"}}},\"24\":\"\",\"31\":[\"57\",\"56\"],\"3\":[\"9\"],\"8\":\"WIT Gaming\\r\\n481 N Commons Dr, Unit F\\r\\nAurora, Illinois\",\"9\":\"41.7605850,-88.3200720\",\"5\":[\"13\",\"14\",\"15\",\"16\",\"17\",\"18\",\"19\"],\"26\":{\"32\":{\"type\":\"placement\",\"enabled\":\"1\",\"fields\":{\"teamplacement\":\"1st:\",\"teamname\":\"Winterfox\",\"teamwinnings\":\"$5000\",\"teamphoto\":\"\"}}},\"14\":{\"30\":{\"type\":\"prize\",\"enabled\":\"1\",\"fields\":{\"prize\":\"1st Cookie\"}},\"31\":{\"type\":\"prize\",\"enabled\":\"1\",\"fields\":{\"prize\":\"2nd Cake\"}}},\"19\":{\"25\":{\"type\":\"promourl\",\"enabled\":\"1\",\"fields\":{\"promourl\":\"https:\\/\\/steelseries.com\\/\",\"promoname\":\"SteelSeries\"}},\"26\":{\"type\":\"promourl\",\"enabled\":\"1\",\"fields\":{\"promourl\":\"http:\\/\\/www.darkmattercoffee.com\\/\",\"promoname\":\"Dark Matter Coffee\"}},\"27\":{\"type\":\"promourl\",\"enabled\":\"1\",\"fields\":{\"promourl\":\"https:\\/\\/www.infiniscene.com\\/\",\"promoname\":\"Infiniscene\"}},\"28\":{\"type\":\"promourl\",\"enabled\":\"1\",\"fields\":{\"promourl\":\"https:\\/\\/www.facebook.com\\/WITGames\\/\",\"promoname\":\"WIT Gaming\"}}},\"6\":[\"12\"],\"12\":\"\",\"25\":{\"date\":\"1\\/1\\/2016\",\"time\":\"10:00 AM\"},\"7\":\"\",\"17\":\"\",\"16\":\"\",\"18\":\"https:\\/\\/www.twitch.tv\\/madcitygg\",\"4\":[\"11\"]}}', '2016-08-15 09:07:37', '2016-08-15 09:07:37', 'acf6cce2-e174-45d9-827e-e8fbd143bc1d'),
 ('41', '3', '2', '1', 'en_us', '31', '', '{\"typeId\":\"2\",\"authorId\":\"1\",\"title\":\"Mad City LAN\",\"slug\":\"mad-city-lan\",\"postDate\":1471150800,\"expiryDate\":null,\"enabled\":1,\"parentId\":null,\"fields\":{\"22\":{\"29\":{\"type\":\"bracketembed\",\"enabled\":\"1\",\"fields\":{\"bracketembedhtml\":\"<iframe width=\\\"853\\\" height=\\\"480\\\" src=\\\"https:\\/\\/widget.toornament.com\\/tournaments\\/575eecb6140ba0ea4b8b4567\\/stages\\/1?_locale=en_US&amp;theme=light\\\" allowfullscreen=\\\"\\\"> <\\/iframe>\"}}},\"10\":{\"20\":{\"type\":\"price\",\"enabled\":\"1\",\"fields\":{\"price\":\"NO REFUNDS OR RESALE, must provide proof of purchase.\"}},\"21\":{\"type\":\"price\",\"enabled\":\"1\",\"fields\":{\"price\":\"$65 (+ processing fee) per person for tournament entry (Early pricing until May 29th)\"}},\"22\":{\"type\":\"price\",\"enabled\":\"1\",\"fields\":{\"price\":\"$75 (+ processing fee) per person for WALK-IN tournament entry (Register early!)\"}},\"23\":{\"type\":\"price\",\"enabled\":\"1\",\"fields\":{\"price\":\"Registering 3 players will reserve your teams spot for the tournament\"}},\"24\":{\"type\":\"price\",\"enabled\":\"1\",\"fields\":{\"price\":\"There are no additional costs beyond this. Each individual player pays and thats it. The registration covers WIT\'s time, Mad City\'s time, the production team\'s time, and the prize pot. Processing fees on behalf of Eventbrite.com.\"}}},\"24\":\"\",\"31\":[\"58\",\"59\",\"60\"],\"3\":[\"9\"],\"8\":\"WIT Gaming\\r\\n481 N Commons Dr, Unit F\\r\\nAurora, Illinois\",\"9\":\"41.7605850,-88.3200720\",\"5\":[\"13\",\"14\",\"15\",\"16\",\"17\",\"18\",\"19\"],\"26\":{\"32\":{\"type\":\"placement\",\"enabled\":\"1\",\"fields\":{\"teamplacement\":\"1st:\",\"teamname\":\"Winterfox\",\"teamwinnings\":\"$5000\",\"teamphoto\":\"\"}}},\"14\":{\"30\":{\"type\":\"prize\",\"enabled\":\"1\",\"fields\":{\"prize\":\"1st Cookie\"}},\"31\":{\"type\":\"prize\",\"enabled\":\"1\",\"fields\":{\"prize\":\"2nd Cake\"}}},\"19\":{\"25\":{\"type\":\"promourl\",\"enabled\":\"1\",\"fields\":{\"promourl\":\"https:\\/\\/steelseries.com\\/\",\"promoname\":\"SteelSeries\"}},\"26\":{\"type\":\"promourl\",\"enabled\":\"1\",\"fields\":{\"promourl\":\"http:\\/\\/www.darkmattercoffee.com\\/\",\"promoname\":\"Dark Matter Coffee\"}},\"27\":{\"type\":\"promourl\",\"enabled\":\"1\",\"fields\":{\"promourl\":\"https:\\/\\/www.infiniscene.com\\/\",\"promoname\":\"Infiniscene\"}},\"28\":{\"type\":\"promourl\",\"enabled\":\"1\",\"fields\":{\"promourl\":\"https:\\/\\/www.facebook.com\\/WITGames\\/\",\"promoname\":\"WIT Gaming\"}}},\"6\":[\"12\"],\"12\":\"\",\"25\":{\"date\":\"1\\/1\\/2016\",\"time\":\"10:00 AM\"},\"7\":\"\",\"17\":\"\",\"16\":\"\",\"18\":\"https:\\/\\/www.twitch.tv\\/madcitygg\",\"4\":[\"11\"]}}', '2016-08-15 09:10:28', '2016-08-15 09:10:28', '1c32f68b-adfb-4471-b2fe-3d2ebfc75fed'),
 ('42', '3', '2', '1', 'en_us', '32', '', '{\"typeId\":\"2\",\"authorId\":\"1\",\"title\":\"Mad City LAN\",\"slug\":\"mad-city-lan\",\"postDate\":1471150800,\"expiryDate\":null,\"enabled\":1,\"parentId\":null,\"fields\":{\"22\":{\"29\":{\"type\":\"bracketembed\",\"enabled\":\"1\",\"fields\":{\"bracketembedhtml\":\"<iframe width=\\\"853\\\" height=\\\"480\\\" src=\\\"https:\\/\\/widget.toornament.com\\/tournaments\\/575eecb6140ba0ea4b8b4567\\/stages\\/1?_locale=en_US&amp;theme=light\\\" allowfullscreen=\\\"\\\"> <\\/iframe>\"}}},\"10\":{\"20\":{\"type\":\"price\",\"enabled\":\"1\",\"fields\":{\"price\":\"NO REFUNDS OR RESALE, must provide proof of purchase.\"}},\"21\":{\"type\":\"price\",\"enabled\":\"1\",\"fields\":{\"price\":\"$65 (+ processing fee) per person for tournament entry (Early pricing until May 29th)\"}},\"22\":{\"type\":\"price\",\"enabled\":\"1\",\"fields\":{\"price\":\"$75 (+ processing fee) per person for WALK-IN tournament entry (Register early!)\"}},\"23\":{\"type\":\"price\",\"enabled\":\"1\",\"fields\":{\"price\":\"Registering 3 players will reserve your teams spot for the tournament\"}},\"24\":{\"type\":\"price\",\"enabled\":\"1\",\"fields\":{\"price\":\"There are no additional costs beyond this. Each individual player pays and thats it. The registration covers WIT\'s time, Mad City\'s time, the production team\'s time, and the prize pot. Processing fees on behalf of Eventbrite.com.\"}}},\"24\":\"\",\"31\":[\"61\",\"62\"],\"3\":[\"9\"],\"8\":\"WIT Gaming\\r\\n481 N Commons Dr, Unit F\\r\\nAurora, Illinois\",\"9\":\"41.7605850,-88.3200720\",\"5\":[\"13\",\"14\",\"15\",\"16\",\"17\",\"18\",\"19\"],\"26\":{\"32\":{\"type\":\"placement\",\"enabled\":\"1\",\"fields\":{\"teamplacement\":\"1st:\",\"teamname\":\"Winterfox\",\"teamwinnings\":\"$5000\",\"teamphoto\":\"\"}}},\"14\":{\"30\":{\"type\":\"prize\",\"enabled\":\"1\",\"fields\":{\"prize\":\"1st Cookie\"}},\"31\":{\"type\":\"prize\",\"enabled\":\"1\",\"fields\":{\"prize\":\"2nd Cake\"}}},\"19\":{\"25\":{\"type\":\"promourl\",\"enabled\":\"1\",\"fields\":{\"promourl\":\"https:\\/\\/steelseries.com\\/\",\"promoname\":\"SteelSeries\"}},\"26\":{\"type\":\"promourl\",\"enabled\":\"1\",\"fields\":{\"promourl\":\"http:\\/\\/www.darkmattercoffee.com\\/\",\"promoname\":\"Dark Matter Coffee\"}},\"27\":{\"type\":\"promourl\",\"enabled\":\"1\",\"fields\":{\"promourl\":\"https:\\/\\/www.infiniscene.com\\/\",\"promoname\":\"Infiniscene\"}},\"28\":{\"type\":\"promourl\",\"enabled\":\"1\",\"fields\":{\"promourl\":\"https:\\/\\/www.facebook.com\\/WITGames\\/\",\"promoname\":\"WIT Gaming\"}}},\"6\":[\"12\"],\"12\":\"\",\"25\":{\"date\":\"1\\/1\\/2016\",\"time\":\"10:00 AM\"},\"7\":\"\",\"17\":\"\",\"16\":\"\",\"18\":\"https:\\/\\/www.twitch.tv\\/madcitygg\",\"4\":[\"11\"]}}', '2016-08-15 09:24:05', '2016-08-15 09:24:05', '44a4d2e3-346f-4db0-9526-be8618e735ae'),
 ('43', '3', '2', '1', 'en_us', '33', '', '{\"typeId\":\"2\",\"authorId\":\"1\",\"title\":\"Mad City LAN\",\"slug\":\"mad-city-lan\",\"postDate\":1471150800,\"expiryDate\":null,\"enabled\":1,\"parentId\":null,\"fields\":{\"22\":{\"29\":{\"type\":\"bracketembed\",\"enabled\":\"1\",\"fields\":{\"bracketembedhtml\":\"<iframe width=\\\"853\\\" height=\\\"480\\\" src=\\\"https:\\/\\/widget.toornament.com\\/tournaments\\/575eecb6140ba0ea4b8b4567\\/stages\\/1?_locale=en_US&amp;theme=light\\\" allowfullscreen=\\\"\\\"> <\\/iframe>\"}}},\"10\":{\"20\":{\"type\":\"price\",\"enabled\":\"1\",\"fields\":{\"price\":\"NO REFUNDS OR RESALE, must provide proof of purchase.\"}},\"21\":{\"type\":\"price\",\"enabled\":\"1\",\"fields\":{\"price\":\"$65 (+ processing fee) per person for tournament entry (Early pricing until May 29th)\"}},\"22\":{\"type\":\"price\",\"enabled\":\"1\",\"fields\":{\"price\":\"$75 (+ processing fee) per person for WALK-IN tournament entry (Register early!)\"}},\"23\":{\"type\":\"price\",\"enabled\":\"1\",\"fields\":{\"price\":\"Registering 3 players will reserve your teams spot for the tournament\"}},\"24\":{\"type\":\"price\",\"enabled\":\"1\",\"fields\":{\"price\":\"There are no additional costs beyond this. Each individual player pays and thats it. The registration covers WIT\'s time, Mad City\'s time, the production team\'s time, and the prize pot. Processing fees on behalf of Eventbrite.com.\"}}},\"24\":\"\",\"31\":[\"63\",\"64\"],\"3\":[\"9\"],\"8\":\"WIT Gaming\\r\\n481 N Commons Dr, Unit F\\r\\nAurora, Illinois\",\"9\":\"41.7605850,-88.3200720\",\"5\":[\"13\",\"14\",\"15\",\"16\",\"17\",\"18\",\"19\"],\"26\":{\"32\":{\"type\":\"placement\",\"enabled\":\"1\",\"fields\":{\"teamplacement\":\"1st:\",\"teamname\":\"Winterfox\",\"teamwinnings\":\"$5000\",\"teamphoto\":\"\"}}},\"14\":{\"30\":{\"type\":\"prize\",\"enabled\":\"1\",\"fields\":{\"prize\":\"1st Cookie\"}},\"31\":{\"type\":\"prize\",\"enabled\":\"1\",\"fields\":{\"prize\":\"2nd Cake\"}}},\"19\":{\"25\":{\"type\":\"promourl\",\"enabled\":\"1\",\"fields\":{\"promourl\":\"https:\\/\\/steelseries.com\\/\",\"promoname\":\"SteelSeries\"}},\"26\":{\"type\":\"promourl\",\"enabled\":\"1\",\"fields\":{\"promourl\":\"http:\\/\\/www.darkmattercoffee.com\\/\",\"promoname\":\"Dark Matter Coffee\"}},\"27\":{\"type\":\"promourl\",\"enabled\":\"1\",\"fields\":{\"promourl\":\"https:\\/\\/www.infiniscene.com\\/\",\"promoname\":\"Infiniscene\"}},\"28\":{\"type\":\"promourl\",\"enabled\":\"1\",\"fields\":{\"promourl\":\"https:\\/\\/www.facebook.com\\/WITGames\\/\",\"promoname\":\"WIT Gaming\"}}},\"6\":[\"12\"],\"12\":\"\",\"25\":{\"date\":\"1\\/1\\/2016\",\"time\":\"10:00 AM\"},\"7\":\"\",\"17\":\"\",\"16\":\"\",\"18\":\"https:\\/\\/www.twitch.tv\\/madcitygg\",\"4\":[\"11\"]}}', '2016-08-15 09:26:23', '2016-08-15 09:26:23', 'a0f474ba-589e-4dae-8d36-f549ca4e50a1'),
 ('44', '3', '2', '1', 'en_us', '34', '', '{\"typeId\":\"2\",\"authorId\":\"1\",\"title\":\"Mad City LAN\",\"slug\":\"mad-city-lan\",\"postDate\":1471150800,\"expiryDate\":null,\"enabled\":1,\"parentId\":null,\"fields\":{\"22\":{\"29\":{\"type\":\"bracketembed\",\"enabled\":\"1\",\"fields\":{\"bracketembedhtml\":\"<iframe width=\\\"853\\\" height=\\\"480\\\" src=\\\"https:\\/\\/widget.toornament.com\\/tournaments\\/575eecb6140ba0ea4b8b4567\\/stages\\/1?_locale=en_US&amp;theme=light\\\" allowfullscreen=\\\"\\\"> <\\/iframe>\"}}},\"10\":{\"20\":{\"type\":\"price\",\"enabled\":\"1\",\"fields\":{\"price\":\"NO REFUNDS OR RESALE, must provide proof of purchase.\"}},\"21\":{\"type\":\"price\",\"enabled\":\"1\",\"fields\":{\"price\":\"$65 (+ processing fee) per person for tournament entry (Early pricing until May 29th)\"}},\"22\":{\"type\":\"price\",\"enabled\":\"1\",\"fields\":{\"price\":\"$75 (+ processing fee) per person for WALK-IN tournament entry (Register early!)\"}},\"23\":{\"type\":\"price\",\"enabled\":\"1\",\"fields\":{\"price\":\"Registering 3 players will reserve your teams spot for the tournament\"}},\"24\":{\"type\":\"price\",\"enabled\":\"1\",\"fields\":{\"price\":\"There are no additional costs beyond this. Each individual player pays and thats it. The registration covers WIT\'s time, Mad City\'s time, the production team\'s time, and the prize pot. Processing fees on behalf of Eventbrite.com.\"}}},\"24\":\"\",\"31\":[\"65\",\"66\"],\"3\":[\"9\"],\"8\":\"WIT Gaming\\r\\n481 N Commons Dr, Unit F\\r\\nAurora, Illinois\",\"9\":\"41.7605850,-88.3200720\",\"5\":[\"13\",\"14\",\"15\",\"16\",\"17\",\"18\",\"19\"],\"26\":{\"32\":{\"type\":\"placement\",\"enabled\":\"1\",\"fields\":{\"teamplacement\":\"1st:\",\"teamname\":\"Winterfox\",\"teamwinnings\":\"$5000\",\"teamphoto\":\"\"}}},\"14\":{\"30\":{\"type\":\"prize\",\"enabled\":\"1\",\"fields\":{\"prize\":\"1st Cookie\"}},\"31\":{\"type\":\"prize\",\"enabled\":\"1\",\"fields\":{\"prize\":\"2nd Cake\"}}},\"19\":{\"25\":{\"type\":\"promourl\",\"enabled\":\"1\",\"fields\":{\"promourl\":\"https:\\/\\/steelseries.com\\/\",\"promoname\":\"SteelSeries\"}},\"26\":{\"type\":\"promourl\",\"enabled\":\"1\",\"fields\":{\"promourl\":\"http:\\/\\/www.darkmattercoffee.com\\/\",\"promoname\":\"Dark Matter Coffee\"}},\"27\":{\"type\":\"promourl\",\"enabled\":\"1\",\"fields\":{\"promourl\":\"https:\\/\\/www.infiniscene.com\\/\",\"promoname\":\"Infiniscene\"}},\"28\":{\"type\":\"promourl\",\"enabled\":\"1\",\"fields\":{\"promourl\":\"https:\\/\\/www.facebook.com\\/WITGames\\/\",\"promoname\":\"WIT Gaming\"}}},\"6\":[\"12\"],\"12\":\"\",\"25\":{\"date\":\"1\\/1\\/2016\",\"time\":\"10:00 AM\"},\"7\":\"\",\"17\":\"\",\"16\":\"\",\"18\":\"https:\\/\\/www.twitch.tv\\/madcitygg\",\"4\":[\"11\"]}}', '2016-08-15 09:27:53', '2016-08-15 09:27:53', '444e0b95-3a5c-4d36-8dd4-5018cbd87221'),
 ('45', '3', '2', '1', 'en_us', '35', '', '{\"typeId\":\"2\",\"authorId\":\"1\",\"title\":\"Mad City LAN\",\"slug\":\"mad-city-lan\",\"postDate\":1471150800,\"expiryDate\":null,\"enabled\":1,\"parentId\":null,\"fields\":{\"22\":{\"29\":{\"type\":\"bracketembed\",\"enabled\":\"1\",\"fields\":{\"bracketembedhtml\":\"<iframe width=\\\"853\\\" height=\\\"480\\\" src=\\\"https:\\/\\/widget.toornament.com\\/tournaments\\/575eecb6140ba0ea4b8b4567\\/stages\\/1?_locale=en_US&amp;theme=light\\\" allowfullscreen=\\\"\\\"> <\\/iframe>\"}}},\"10\":{\"20\":{\"type\":\"price\",\"enabled\":\"1\",\"fields\":{\"price\":\"NO REFUNDS OR RESALE, must provide proof of purchase.\"}},\"21\":{\"type\":\"price\",\"enabled\":\"1\",\"fields\":{\"price\":\"$65 (+ processing fee) per person for tournament entry (Early pricing until May 29th)\"}},\"22\":{\"type\":\"price\",\"enabled\":\"1\",\"fields\":{\"price\":\"$75 (+ processing fee) per person for WALK-IN tournament entry (Register early!)\"}},\"23\":{\"type\":\"price\",\"enabled\":\"1\",\"fields\":{\"price\":\"Registering 3 players will reserve your teams spot for the tournament\"}},\"24\":{\"type\":\"price\",\"enabled\":\"1\",\"fields\":{\"price\":\"There are no additional costs beyond this. Each individual player pays and thats it. The registration covers WIT\'s time, Mad City\'s time, the production team\'s time, and the prize pot. Processing fees on behalf of Eventbrite.com.\"}}},\"24\":\"\",\"31\":[\"67\",\"68\"],\"3\":[\"9\"],\"8\":\"WIT Gaming\\r\\n481 N Commons Dr, Unit F\\r\\nAurora, Illinois\",\"9\":\"41.7605850,-88.3200720\",\"5\":[\"13\",\"14\",\"15\",\"16\",\"17\",\"18\",\"19\"],\"26\":{\"32\":{\"type\":\"placement\",\"enabled\":\"1\",\"fields\":{\"teamplacement\":\"1st:\",\"teamname\":\"Winterfox\",\"teamwinnings\":\"$5000\",\"teamphoto\":\"\"}}},\"14\":{\"30\":{\"type\":\"prize\",\"enabled\":\"1\",\"fields\":{\"prize\":\"1st Cookie\"}},\"31\":{\"type\":\"prize\",\"enabled\":\"1\",\"fields\":{\"prize\":\"2nd Cake\"}}},\"19\":{\"25\":{\"type\":\"promourl\",\"enabled\":\"1\",\"fields\":{\"promourl\":\"https:\\/\\/steelseries.com\\/\",\"promoname\":\"SteelSeries\"}},\"26\":{\"type\":\"promourl\",\"enabled\":\"1\",\"fields\":{\"promourl\":\"http:\\/\\/www.darkmattercoffee.com\\/\",\"promoname\":\"Dark Matter Coffee\"}},\"27\":{\"type\":\"promourl\",\"enabled\":\"1\",\"fields\":{\"promourl\":\"https:\\/\\/www.infiniscene.com\\/\",\"promoname\":\"Infiniscene\"}},\"28\":{\"type\":\"promourl\",\"enabled\":\"1\",\"fields\":{\"promourl\":\"https:\\/\\/www.facebook.com\\/WITGames\\/\",\"promoname\":\"WIT Gaming\"}}},\"6\":[\"12\"],\"12\":\"\",\"25\":{\"date\":\"1\\/1\\/2016\",\"time\":\"10:00 AM\"},\"7\":\"\",\"17\":\"\",\"16\":\"\",\"18\":\"https:\\/\\/www.twitch.tv\\/madcitygg\",\"4\":[\"11\"]}}', '2016-08-15 09:29:54', '2016-08-15 09:29:54', 'c5a0722f-6636-458c-8683-c4bb74052d74'),
 ('46', '8', '2', '1', 'en_us', '3', '', '{\"typeId\":\"2\",\"authorId\":\"1\",\"title\":\"MidwestLAN 2016 .reboot\",\"slug\":\"midwestlan-2016-reboot\",\"postDate\":1471236660,\"expiryDate\":null,\"enabled\":1,\"parentId\":null,\"fields\":{\"22\":\"\",\"10\":\"\",\"24\":\"\",\"31\":\"\",\"3\":[\"10\"],\"8\":\"Madison, WI\",\"9\":\"\",\"5\":\"\",\"26\":\"\",\"14\":\"\",\"19\":\"\",\"6\":[\"12\"],\"12\":\"\",\"25\":{\"date\":\"\",\"time\":\"\"},\"7\":\"\",\"17\":\"\",\"16\":\"\",\"18\":\"\",\"4\":[\"70\"]}}', '2016-09-13 04:50:29', '2016-09-13 04:50:29', '5dadc352-c666-4b1b-995d-6bb6f95fc147'),
 ('47', '4', '2', '1', 'en_us', '3', '', '{\"typeId\":\"2\",\"authorId\":\"1\",\"title\":\"Mad City LAN 2\",\"slug\":\"mad-city-lan-2\",\"postDate\":1471236480,\"expiryDate\":null,\"enabled\":1,\"parentId\":null,\"fields\":{\"22\":\"\",\"10\":\"\",\"24\":\"\",\"31\":\"\",\"3\":[\"9\"],\"8\":\"Auora, IL\",\"9\":\"\",\"5\":\"\",\"26\":\"\",\"14\":\"\",\"19\":\"\",\"6\":[\"12\"],\"12\":\"\",\"25\":{\"date\":\"\",\"time\":\"\"},\"7\":\"\",\"17\":\"\",\"16\":\"\",\"18\":\"\",\"4\":[\"11\"]}}', '2016-09-13 04:50:48', '2016-09-13 04:50:48', '01a29e02-5eb5-4347-b2ce-05ffd0bc3529'),
 ('48', '73', '2', '1', 'en_us', '1', '', '{\"typeId\":null,\"authorId\":\"1\",\"title\":\"RTZ CS:GO 5v5 LAN\",\"slug\":\"rtz-csgo-5v5-lan\",\"postDate\":1473742354,\"expiryDate\":null,\"enabled\":1,\"parentId\":null,\"fields\":{\"22\":\"\",\"10\":\"\",\"24\":\"\",\"31\":\"\",\"3\":[\"71\"],\"8\":\" Oklahoma City, OK\",\"9\":\"\",\"5\":\"\",\"26\":\"\",\"14\":\"\",\"19\":\"\",\"6\":[\"72\"],\"12\":\"\",\"25\":{\"date\":\"\",\"time\":\"\"},\"7\":\"\",\"17\":\"\",\"16\":\"\",\"18\":\"\",\"4\":[\"11\"]}}', '2016-09-13 04:52:34', '2016-09-13 04:52:34', '51c097e1-492b-4086-bb76-05e59e0cd3fe'),
 ('49', '3', '2', '1', 'en_us', '36', '', '{\"typeId\":\"2\",\"authorId\":\"1\",\"title\":\"Mad City LAN\",\"slug\":\"mad-city-lan\",\"postDate\":1471150800,\"expiryDate\":null,\"enabled\":1,\"parentId\":null,\"fields\":{\"22\":{\"29\":{\"type\":\"bracketembed\",\"enabled\":\"1\",\"fields\":{\"bracketembedhtml\":\"<iframe width=\\\"853\\\" height=\\\"480\\\" src=\\\"https:\\/\\/widget.toornament.com\\/tournaments\\/575eecb6140ba0ea4b8b4567\\/stages\\/1?_locale=en_US&amp;theme=light\\\" allowfullscreen=\\\"\\\"> <\\/iframe>\"}}},\"34\":\"$3,600\",\"10\":{\"20\":{\"type\":\"price\",\"enabled\":\"1\",\"fields\":{\"price\":\"NO REFUNDS OR RESALE, must provide proof of purchase.\"}},\"21\":{\"type\":\"price\",\"enabled\":\"1\",\"fields\":{\"price\":\"$65 (+ processing fee) per person for tournament entry (Early pricing until May 29th)\"}},\"22\":{\"type\":\"price\",\"enabled\":\"1\",\"fields\":{\"price\":\"$75 (+ processing fee) per person for WALK-IN tournament entry (Register early!)\"}},\"23\":{\"type\":\"price\",\"enabled\":\"1\",\"fields\":{\"price\":\"Registering 3 players will reserve your teams spot for the tournament\"}},\"24\":{\"type\":\"price\",\"enabled\":\"1\",\"fields\":{\"price\":\"There are no additional costs beyond this. Each individual player pays and thats it. The registration covers WIT\'s time, Mad City\'s time, the production team\'s time, and the prize pot. Processing fees on behalf of Eventbrite.com.\"}}},\"24\":\"\",\"31\":[\"67\",\"68\"],\"3\":[\"9\"],\"8\":\"WIT Gaming\\r\\n481 N Commons Dr, Unit F\\r\\nAurora, Illinois\",\"9\":\"41.7605850,-88.3200720\",\"5\":[\"13\",\"14\",\"15\",\"16\",\"17\",\"18\",\"19\"],\"26\":{\"32\":{\"type\":\"placement\",\"enabled\":\"1\",\"fields\":{\"teamplacement\":\"1st:\",\"teamname\":\"Winterfox\",\"teamwinnings\":\"$5000\",\"teamphoto\":\"\"}}},\"14\":{\"30\":{\"type\":\"prize\",\"enabled\":\"1\",\"fields\":{\"prize\":\"1st Cookie\"}},\"31\":{\"type\":\"prize\",\"enabled\":\"1\",\"fields\":{\"prize\":\"2nd Cake\"}}},\"19\":{\"25\":{\"type\":\"promourl\",\"enabled\":\"1\",\"fields\":{\"promourl\":\"https:\\/\\/steelseries.com\\/\",\"promoname\":\"SteelSeries\"}},\"26\":{\"type\":\"promourl\",\"enabled\":\"1\",\"fields\":{\"promourl\":\"http:\\/\\/www.darkmattercoffee.com\\/\",\"promoname\":\"Dark Matter Coffee\"}},\"27\":{\"type\":\"promourl\",\"enabled\":\"1\",\"fields\":{\"promourl\":\"https:\\/\\/www.infiniscene.com\\/\",\"promoname\":\"Infiniscene\"}},\"28\":{\"type\":\"promourl\",\"enabled\":\"1\",\"fields\":{\"promourl\":\"https:\\/\\/www.facebook.com\\/WITGames\\/\",\"promoname\":\"WIT Gaming\"}}},\"6\":[\"12\"],\"12\":\"\",\"25\":{\"date\":\"1\\/1\\/2016\",\"time\":\"10:00 AM\"},\"7\":\"\",\"17\":\"\",\"16\":\"\",\"18\":\"https:\\/\\/www.twitch.tv\\/madcitygg\",\"4\":[\"11\"]}}', '2016-09-13 05:01:25', '2016-09-13 05:01:25', '546de844-094f-40fb-af05-3f102db13e44'),
 ('50', '4', '2', '1', 'en_us', '4', '', '{\"typeId\":\"2\",\"authorId\":\"1\",\"title\":\"Mad City LAN 2\",\"slug\":\"mad-city-lan-2\",\"postDate\":1471236480,\"expiryDate\":null,\"enabled\":1,\"parentId\":null,\"fields\":{\"22\":\"\",\"34\":\"\",\"10\":\"\",\"24\":\"\",\"31\":\"\",\"3\":[\"9\"],\"8\":\"Auora, IL\",\"9\":\"\",\"5\":\"\",\"26\":\"\",\"14\":\"\",\"19\":\"\",\"6\":[\"12\"],\"35\":\"Auora, IL\",\"12\":\"\",\"25\":{\"date\":\"\",\"time\":\"\"},\"7\":\"\",\"17\":\"\",\"16\":\"\",\"18\":\"\",\"4\":[\"11\"]}}', '2016-09-13 05:04:36', '2016-09-13 05:04:36', '41115c5c-1fe5-468b-b11e-d93aae42db1e'),
 ('51', '8', '2', '1', 'en_us', '4', '', '{\"typeId\":\"2\",\"authorId\":\"1\",\"title\":\"MidwestLAN 2016 .reboot\",\"slug\":\"midwestlan-2016-reboot\",\"postDate\":1471236660,\"expiryDate\":null,\"enabled\":1,\"parentId\":null,\"fields\":{\"22\":\"\",\"34\":\"\",\"10\":\"\",\"24\":\"\",\"31\":\"\",\"3\":[\"10\"],\"8\":\"Madison, WI\",\"9\":\"\",\"5\":\"\",\"26\":\"\",\"14\":\"\",\"19\":\"\",\"6\":[\"12\"],\"35\":\"Madison, WI\",\"12\":\"\",\"25\":{\"date\":\"\",\"time\":\"\"},\"7\":\"\",\"17\":\"\",\"16\":\"\",\"18\":\"\",\"4\":[\"70\"]}}', '2016-09-13 05:04:45', '2016-09-13 05:04:45', '42e40ffb-3eba-47f7-9bd7-ef10aa977ca1'),
 ('52', '73', '2', '1', 'en_us', '2', '', '{\"typeId\":\"2\",\"authorId\":\"1\",\"title\":\"RTZ CS:GO 5v5 LAN\",\"slug\":\"rtz-csgo-5v5-lan\",\"postDate\":1473742320,\"expiryDate\":null,\"enabled\":1,\"parentId\":null,\"fields\":{\"22\":\"\",\"34\":\"\",\"10\":\"\",\"24\":\"\",\"31\":\"\",\"3\":[\"71\"],\"8\":\" Oklahoma City, OK\",\"9\":\"\",\"5\":\"\",\"26\":\"\",\"14\":\"\",\"19\":\"\",\"6\":[\"72\"],\"35\":\" Oklahoma City, OK\",\"12\":\"\",\"25\":{\"date\":\"\",\"time\":\"\"},\"7\":\"\",\"17\":\"\",\"16\":\"\",\"18\":\"\",\"4\":[\"11\"]}}', '2016-09-13 05:04:50', '2016-09-13 05:04:50', '90930f2e-a05a-478d-9068-3bff7e48de28'),
 ('53', '3', '2', '1', 'en_us', '37', '', '{\"typeId\":\"2\",\"authorId\":\"1\",\"title\":\"Mad City LAN\",\"slug\":\"mad-city-lan\",\"postDate\":1471150800,\"expiryDate\":null,\"enabled\":1,\"parentId\":null,\"fields\":{\"22\":{\"29\":{\"type\":\"bracketembed\",\"enabled\":\"1\",\"fields\":{\"bracketembedhtml\":\"<iframe width=\\\"853\\\" height=\\\"480\\\" src=\\\"https:\\/\\/widget.toornament.com\\/tournaments\\/575eecb6140ba0ea4b8b4567\\/stages\\/1?_locale=en_US&amp;theme=light\\\" allowfullscreen=\\\"\\\"> <\\/iframe>\"}}},\"34\":\"$3,600\",\"10\":{\"20\":{\"type\":\"price\",\"enabled\":\"1\",\"fields\":{\"price\":\"NO REFUNDS OR RESALE, must provide proof of purchase.\"}},\"21\":{\"type\":\"price\",\"enabled\":\"1\",\"fields\":{\"price\":\"$65 (+ processing fee) per person for tournament entry (Early pricing until May 29th)\"}},\"22\":{\"type\":\"price\",\"enabled\":\"1\",\"fields\":{\"price\":\"$75 (+ processing fee) per person for WALK-IN tournament entry (Register early!)\"}},\"23\":{\"type\":\"price\",\"enabled\":\"1\",\"fields\":{\"price\":\"Registering 3 players will reserve your teams spot for the tournament\"}},\"24\":{\"type\":\"price\",\"enabled\":\"1\",\"fields\":{\"price\":\"There are no additional costs beyond this. Each individual player pays and thats it. The registration covers WIT\'s time, Mad City\'s time, the production team\'s time, and the prize pot. Processing fees on behalf of Eventbrite.com.\"}}},\"24\":\"\",\"31\":[\"67\",\"68\"],\"3\":[\"9\"],\"8\":\"WIT Gaming\\r\\n481 N Commons Dr, Unit F\\r\\nAurora, Illinois\",\"9\":\"41.7605850,-88.3200720\",\"5\":[\"13\",\"14\",\"15\",\"16\",\"17\",\"18\",\"19\"],\"26\":{\"32\":{\"type\":\"placement\",\"enabled\":\"1\",\"fields\":{\"teamplacement\":\"1st:\",\"teamname\":\"Winterfox\",\"teamwinnings\":\"$5000\",\"teamphoto\":\"\"}}},\"14\":{\"30\":{\"type\":\"prize\",\"enabled\":\"1\",\"fields\":{\"prize\":\"1st Cookie\"}},\"31\":{\"type\":\"prize\",\"enabled\":\"1\",\"fields\":{\"prize\":\"2nd Cake\"}}},\"19\":{\"25\":{\"type\":\"promourl\",\"enabled\":\"1\",\"fields\":{\"promourl\":\"https:\\/\\/steelseries.com\\/\",\"promoname\":\"SteelSeries\"}},\"26\":{\"type\":\"promourl\",\"enabled\":\"1\",\"fields\":{\"promourl\":\"http:\\/\\/www.darkmattercoffee.com\\/\",\"promoname\":\"Dark Matter Coffee\"}},\"27\":{\"type\":\"promourl\",\"enabled\":\"1\",\"fields\":{\"promourl\":\"https:\\/\\/www.infiniscene.com\\/\",\"promoname\":\"Infiniscene\"}},\"28\":{\"type\":\"promourl\",\"enabled\":\"1\",\"fields\":{\"promourl\":\"https:\\/\\/www.facebook.com\\/WITGames\\/\",\"promoname\":\"WIT Gaming\"}}},\"6\":[\"12\"],\"35\":\"Aurora, IL\",\"12\":\"\",\"25\":{\"date\":\"1\\/1\\/2016\",\"time\":\"10:00 AM\"},\"7\":\"\",\"17\":\"\",\"16\":\"\",\"18\":\"https:\\/\\/www.twitch.tv\\/madcitygg\",\"4\":[\"11\"]}}', '2016-09-13 05:05:03', '2016-09-13 05:05:03', '26c57049-3246-4ad4-979d-e17a1a5b6e12'),
 ('54', '3', '2', '1', 'en_us', '38', '', '{\"typeId\":\"2\",\"authorId\":\"1\",\"title\":\"Mad City LAN\",\"slug\":\"mad-city-lan\",\"postDate\":1471150800,\"expiryDate\":null,\"enabled\":1,\"parentId\":null,\"fields\":{\"22\":{\"29\":{\"type\":\"bracketembed\",\"enabled\":\"1\",\"fields\":{\"bracketembedhtml\":\"<iframe width=\\\"853\\\" height=\\\"480\\\" src=\\\"https:\\/\\/widget.toornament.com\\/tournaments\\/575eecb6140ba0ea4b8b4567\\/stages\\/1?_locale=en_US&amp;theme=light\\\" allowfullscreen=\\\"\\\"> <\\/iframe>\"}}},\"34\":\"$3,600\",\"10\":{\"20\":{\"type\":\"price\",\"enabled\":\"1\",\"fields\":{\"price\":\"NO REFUNDS OR RESALE, must provide proof of purchase.\"}},\"21\":{\"type\":\"price\",\"enabled\":\"1\",\"fields\":{\"price\":\"$65 (+ processing fee) per person for tournament entry (Early pricing until May 29th)\"}},\"22\":{\"type\":\"price\",\"enabled\":\"1\",\"fields\":{\"price\":\"$75 (+ processing fee) per person for WALK-IN tournament entry (Register early!)\"}},\"23\":{\"type\":\"price\",\"enabled\":\"1\",\"fields\":{\"price\":\"Registering 3 players will reserve your teams spot for the tournament\"}},\"24\":{\"type\":\"price\",\"enabled\":\"1\",\"fields\":{\"price\":\"There are no additional costs beyond this. Each individual player pays and thats it. The registration covers WIT\'s time, Mad City\'s time, the production team\'s time, and the prize pot. Processing fees on behalf of Eventbrite.com.\"}}},\"24\":\"\",\"4\":[\"11\"],\"31\":[\"67\",\"68\"],\"3\":[\"9\"],\"8\":\"WIT Gaming\\r\\n481 N Commons Dr, Unit F\\r\\nAurora, Illinois\",\"9\":\"41.7605850,-88.3200720\",\"5\":[\"13\",\"14\",\"15\",\"16\",\"17\",\"18\",\"19\"],\"26\":{\"32\":{\"type\":\"placement\",\"enabled\":\"1\",\"fields\":{\"teamplacement\":\"1st:\",\"teamname\":\"Winterfox\",\"teamwinnings\":\"$5000\",\"teamphoto\":\"\"}}},\"14\":{\"30\":{\"type\":\"prize\",\"enabled\":\"1\",\"fields\":{\"prize\":\"1st Cookie\"}},\"31\":{\"type\":\"prize\",\"enabled\":\"1\",\"fields\":{\"prize\":\"2nd Cake\"}}},\"19\":{\"25\":{\"type\":\"promourl\",\"enabled\":\"1\",\"fields\":{\"promourl\":\"https:\\/\\/steelseries.com\\/\",\"promoname\":\"SteelSeries\"}},\"26\":{\"type\":\"promourl\",\"enabled\":\"1\",\"fields\":{\"promourl\":\"http:\\/\\/www.darkmattercoffee.com\\/\",\"promoname\":\"Dark Matter Coffee\"}},\"27\":{\"type\":\"promourl\",\"enabled\":\"1\",\"fields\":{\"promourl\":\"https:\\/\\/www.infiniscene.com\\/\",\"promoname\":\"Infiniscene\"}},\"28\":{\"type\":\"promourl\",\"enabled\":\"1\",\"fields\":{\"promourl\":\"https:\\/\\/www.facebook.com\\/WITGames\\/\",\"promoname\":\"WIT Gaming\"}}},\"6\":[\"12\"],\"35\":\"Aurora, IL\",\"12\":\"\",\"25\":{\"date\":\"1\\/1\\/2016\",\"time\":\"10:00 AM\"},\"7\":\"\",\"17\":\"\",\"16\":\"\",\"18\":\"https:\\/\\/www.twitch.tv\\/madcitygg\"}}', '2016-09-13 05:49:20', '2016-09-13 05:49:20', 'd867246b-cd90-4f47-87ea-267d7fb6b312'),
 ('55', '3', '2', '1', 'en_us', '39', '', '{\"typeId\":\"2\",\"authorId\":\"1\",\"title\":\"Mad City LAN\",\"slug\":\"mad-city-lan\",\"postDate\":1471150800,\"expiryDate\":null,\"enabled\":1,\"parentId\":null,\"fields\":{\"22\":{\"29\":{\"type\":\"bracketembed\",\"enabled\":\"1\",\"fields\":{\"bracketembedhtml\":\"<iframe width=\\\"853\\\" height=\\\"480\\\" src=\\\"https:\\/\\/widget.toornament.com\\/tournaments\\/575eecb6140ba0ea4b8b4567\\/stages\\/1?_locale=en_US&amp;theme=light\\\" allowfullscreen=\\\"\\\"> <\\/iframe>\"}}},\"34\":\"$3,600\",\"10\":{\"20\":{\"type\":\"price\",\"enabled\":\"1\",\"fields\":{\"price\":\"NO REFUNDS OR RESALE, must provide proof of purchase.\"}},\"21\":{\"type\":\"price\",\"enabled\":\"1\",\"fields\":{\"price\":\"$65 (+ processing fee) per person for tournament entry (Early pricing until May 29th)\"}},\"22\":{\"type\":\"price\",\"enabled\":\"1\",\"fields\":{\"price\":\"$75 (+ processing fee) per person for WALK-IN tournament entry (Register early!)\"}},\"23\":{\"type\":\"price\",\"enabled\":\"1\",\"fields\":{\"price\":\"Registering 3 players will reserve your teams spot for the tournament\"}},\"24\":{\"type\":\"price\",\"enabled\":\"1\",\"fields\":{\"price\":\"There are no additional costs beyond this. Each individual player pays and thats it. The registration covers WIT\'s time, Mad City\'s time, the production team\'s time, and the prize pot. Processing fees on behalf of Eventbrite.com.\"}}},\"24\":\"\",\"4\":[\"78\"],\"31\":\"\",\"3\":[\"76\"],\"8\":\"WIT Gaming\\r\\n481 N Commons Dr, Unit F\\r\\nAurora, Illinois\",\"9\":\"41.7605850,-88.3200720\",\"5\":[\"13\",\"14\",\"15\",\"16\",\"17\",\"18\",\"19\"],\"26\":{\"32\":{\"type\":\"placement\",\"enabled\":\"1\",\"fields\":{\"teamplacement\":\"1st:\",\"teamname\":\"Winterfox\",\"teamwinnings\":\"$5000\",\"teamphoto\":\"\"}}},\"14\":{\"30\":{\"type\":\"prize\",\"enabled\":\"1\",\"fields\":{\"prize\":\"1st Cookie\"}},\"31\":{\"type\":\"prize\",\"enabled\":\"1\",\"fields\":{\"prize\":\"2nd Cake\"}}},\"19\":{\"25\":{\"type\":\"promourl\",\"enabled\":\"1\",\"fields\":{\"promourl\":\"https:\\/\\/steelseries.com\\/\",\"promoname\":\"SteelSeries\"}},\"26\":{\"type\":\"promourl\",\"enabled\":\"1\",\"fields\":{\"promourl\":\"http:\\/\\/www.darkmattercoffee.com\\/\",\"promoname\":\"Dark Matter Coffee\"}},\"27\":{\"type\":\"promourl\",\"enabled\":\"1\",\"fields\":{\"promourl\":\"https:\\/\\/www.infiniscene.com\\/\",\"promoname\":\"Infiniscene\"}},\"28\":{\"type\":\"promourl\",\"enabled\":\"1\",\"fields\":{\"promourl\":\"https:\\/\\/www.facebook.com\\/WITGames\\/\",\"promoname\":\"WIT Gaming\"}}},\"6\":[\"77\"],\"35\":\"Aurora, IL\",\"12\":\"\",\"25\":{\"date\":\"1\\/1\\/2016\",\"time\":\"10:00 AM\"},\"7\":\"\",\"17\":\"\",\"16\":\"\",\"18\":\"https:\\/\\/www.twitch.tv\\/madcitygg\"}}', '2016-09-14 00:49:03', '2016-09-14 00:49:03', '359320d7-708a-4f0c-a272-c662ff852251'),
 ('56', '4', '2', '1', 'en_us', '5', '', '{\"typeId\":\"2\",\"authorId\":\"1\",\"title\":\"Mad City LAN 2\",\"slug\":\"mad-city-lan-2\",\"postDate\":1471236480,\"expiryDate\":null,\"enabled\":1,\"parentId\":null,\"fields\":{\"22\":\"\",\"34\":\"\",\"10\":\"\",\"24\":\"\",\"4\":[\"78\"],\"31\":\"\",\"3\":[\"76\"],\"8\":\"Auora, IL\",\"9\":\"\",\"5\":\"\",\"26\":\"\",\"14\":\"\",\"19\":\"\",\"6\":[\"77\"],\"35\":\"Auora, IL\",\"12\":\"\",\"25\":{\"date\":\"\",\"time\":\"\"},\"7\":\"\",\"17\":\"\",\"16\":\"\",\"18\":\"\"}}', '2016-09-14 00:49:59', '2016-09-14 00:49:59', '6021fc80-68a6-4761-94d8-7908c095a049'),
 ('57', '8', '2', '1', 'en_us', '5', '', '{\"typeId\":\"2\",\"authorId\":\"1\",\"title\":\"MidwestLAN 2016 .reboot\",\"slug\":\"midwestlan-2016-reboot\",\"postDate\":1471236660,\"expiryDate\":null,\"enabled\":1,\"parentId\":null,\"fields\":{\"22\":\"\",\"34\":\"\",\"10\":\"\",\"24\":\"\",\"4\":[\"80\"],\"31\":\"\",\"3\":[\"79\"],\"8\":\"Madison, WI\",\"9\":\"\",\"5\":\"\",\"26\":\"\",\"14\":\"\",\"19\":\"\",\"6\":[\"77\"],\"35\":\"Madison, WI\",\"12\":\"\",\"25\":{\"date\":\"\",\"time\":\"\"},\"7\":\"\",\"17\":\"\",\"16\":\"\",\"18\":\"\"}}', '2016-09-14 00:50:19', '2016-09-14 00:50:19', '7a3ca777-bb87-4df4-a579-1c8f01d8190e'),
 ('58', '73', '2', '1', 'en_us', '3', '', '{\"typeId\":\"2\",\"authorId\":\"1\",\"title\":\"RTZ CS:GO 5v5 LAN\",\"slug\":\"rtz-csgo-5v5-lan\",\"postDate\":1473742320,\"expiryDate\":null,\"enabled\":1,\"parentId\":null,\"fields\":{\"22\":\"\",\"34\":\"\",\"10\":\"\",\"24\":\"\",\"4\":[\"78\"],\"31\":\"\",\"3\":[\"81\"],\"8\":\" Oklahoma City, OK\",\"9\":\"\",\"5\":\"\",\"26\":\"\",\"14\":\"\",\"19\":\"\",\"6\":[\"82\"],\"35\":\" Oklahoma City, OK\",\"12\":\"\",\"25\":{\"date\":\"\",\"time\":\"\"},\"7\":\"\",\"17\":\"\",\"16\":\"\",\"18\":\"\"}}', '2016-09-14 00:50:40', '2016-09-14 00:50:40', '275ae2a8-30ba-4f2b-bbbf-c4f814d60706');



DROP TABLE IF EXISTS `craft_fieldgroups`;


--
-- Schema for table `craft_fieldgroups`
--
CREATE TABLE `craft_fieldgroups` (
  `id` int(11) NOT NULL AUTO_INCREMENT,
  `name` varchar(255) COLLATE utf8_unicode_ci NOT NULL,
  `dateCreated` datetime NOT NULL,
  `dateUpdated` datetime NOT NULL,
  `uid` char(36) COLLATE utf8_unicode_ci NOT NULL DEFAULT '0',
  PRIMARY KEY (`id`),
  UNIQUE KEY `craft_fieldgroups_name_unq_idx` (`name`)
) ENGINE=InnoDB AUTO_INCREMENT=6 DEFAULT CHARSET=utf8 COLLATE=utf8_unicode_ci;

--
-- Data for table `craft_fieldgroups`
--

INSERT INTO `craft_fieldgroups` (`id`, `name`, `dateCreated`, `dateUpdated`, `uid`) VALUES
 ('1', 'Default', '2016-07-09 03:24:17', '2016-07-09 03:24:17', 'f73fe9f9-a7ec-44dd-b593-e1e267f70989'),
 ('2', 'Event Details', '2016-08-15 04:40:50', '2016-08-15 04:41:10', '5161de47-f903-494f-bd3c-8224a41a2811'),
 ('3', 'Post-Event Details', '2016-08-15 07:22:17', '2016-08-15 07:22:17', '44a6368d-cba3-4069-af48-c7b834c40b43'),
 ('4', 'Alert Details', '2016-09-13 04:29:31', '2016-09-13 04:29:38', '42a52e8f-2711-4a39-b6e4-a30eb7196bf9'),
 ('5', 'Host Details', '2016-09-13 05:42:12', '2016-09-13 05:42:17', 'af575587-0e2e-4803-8f4c-7487537945ba');



DROP TABLE IF EXISTS `craft_fieldlayoutfields`;


--
-- Schema for table `craft_fieldlayoutfields`
--
CREATE TABLE `craft_fieldlayoutfields` (
  `id` int(11) NOT NULL AUTO_INCREMENT,
  `layoutId` int(11) NOT NULL,
  `tabId` int(11) NOT NULL,
  `fieldId` int(11) NOT NULL,
  `required` tinyint(1) unsigned NOT NULL DEFAULT '0',
  `sortOrder` smallint(6) unsigned DEFAULT NULL,
  `dateCreated` datetime NOT NULL,
  `dateUpdated` datetime NOT NULL,
  `uid` char(36) COLLATE utf8_unicode_ci NOT NULL DEFAULT '0',
  PRIMARY KEY (`id`),
  UNIQUE KEY `craft_fieldlayoutfields_layoutId_fieldId_unq_idx` (`layoutId`,`fieldId`),
  KEY `craft_fieldlayoutfields_sortOrder_idx` (`sortOrder`),
  KEY `craft_fieldlayoutfields_tabId_fk` (`tabId`),
  KEY `craft_fieldlayoutfields_fieldId_fk` (`fieldId`)
) ENGINE=InnoDB AUTO_INCREMENT=315 DEFAULT CHARSET=utf8 COLLATE=utf8_unicode_ci;

--
-- Data for table `craft_fieldlayoutfields`
--

INSERT INTO `craft_fieldlayoutfields` (`id`, `layoutId`, `tabId`, `fieldId`, `required`, `sortOrder`, `dateCreated`, `dateUpdated`, `uid`) VALUES
 ('2', '4', '2', '1', '1', '1', '2016-08-15 04:40:12', '2016-08-15 04:40:12', '531cc5f5-5860-4e17-96fd-6fa6734ddcca'),
 ('20', '16', '8', '11', '0', '1', '2016-08-15 05:10:32', '2016-08-15 05:10:32', '6f322923-37db-4c7a-9bca-089f57213cde'),
 ('29', '18', '10', '15', '0', '1', '2016-08-15 05:15:53', '2016-08-15 05:15:53', '5a045c33-7cd8-40e7-b8f0-98d18291768e'),
 ('54', '21', '13', '20', '0', '1', '2016-08-15 05:23:44', '2016-08-15 05:23:44', '4e64753a-3c2e-47ab-89eb-6e528a8536b1'),
 ('55', '21', '13', '21', '0', '2', '2016-08-15 05:23:44', '2016-08-15 05:23:44', '4707ae08-e129-4301-89a2-09c3715bf722'),
 ('90', '25', '17', '23', '0', '1', '2016-08-15 05:31:37', '2016-08-15 05:31:37', '99dda45f-5587-4d46-9c93-bbf9ac99853a'),
 ('197', '44', '33', '27', '0', '1', '2016-08-15 08:10:15', '2016-08-15 08:10:15', '1cf36061-331e-4e25-9eb8-2b18d96f08c2'),
 ('198', '44', '33', '28', '0', '2', '2016-08-15 08:10:15', '2016-08-15 08:10:15', 'b034ab9c-3c85-4e75-a5b0-d318cf49badd'),
 ('199', '44', '33', '29', '0', '3', '2016-08-15 08:10:15', '2016-08-15 08:10:15', '85213f27-00a5-4a58-aa86-596c117d5763'),
 ('200', '44', '33', '30', '0', '4', '2016-08-15 08:10:15', '2016-08-15 08:10:15', '4d721e60-22c4-4973-8adc-cd2e9f1f72b1'),
 ('209', '51', '38', '33', '0', '1', '2016-09-13 04:34:26', '2016-09-13 04:34:26', '0ad67cf1-3faa-47bc-b749-eb270de1abca'),
 ('210', '51', '38', '32', '0', '2', '2016-09-13 04:34:26', '2016-09-13 04:34:26', '1ceb7c6c-2887-49dd-82c8-c9081f69daa2'),
 ('211', '51', '38', '3', '0', '3', '2016-09-13 04:34:26', '2016-09-13 04:34:26', 'ffbc7b14-bc7e-49fd-9c22-801574fa95a9'),
 ('212', '51', '38', '18', '0', '4', '2016-09-13 04:34:26', '2016-09-13 04:34:26', '41a97bb5-115f-4119-9189-d092a193834c'),
 ('293', '67', '49', '7', '0', '1', '2016-09-14 00:48:42', '2016-09-14 00:48:42', '70dcfc86-5b23-4f35-b91a-3d3a21458b3c'),
 ('294', '67', '49', '34', '0', '2', '2016-09-14 00:48:42', '2016-09-14 00:48:42', '7a6406cc-adf0-43bc-8916-1b4fa7cefcff'),
 ('295', '67', '49', '3', '0', '3', '2016-09-14 00:48:42', '2016-09-14 00:48:42', 'da0e4014-050d-454d-b1ec-d591284f8512'),
 ('296', '67', '49', '6', '0', '4', '2016-09-14 00:48:42', '2016-09-14 00:48:42', '35e50138-5be8-48b9-8935-8a72995d217e'),
 ('297', '67', '49', '4', '0', '5', '2016-09-14 00:48:42', '2016-09-14 00:48:42', '62b7b83c-a506-413f-bc19-603cd6fc7cec'),
 ('298', '67', '49', '35', '0', '6', '2016-09-14 00:48:42', '2016-09-14 00:48:42', 'd105016e-f382-4f8b-a512-009b5b813872'),
 ('299', '67', '49', '8', '1', '7', '2016-09-14 00:48:42', '2016-09-14 00:48:42', '2cd7495c-d134-4fe2-b4d2-b65a7fb1e60f'),
 ('300', '67', '49', '9', '0', '8', '2016-09-14 00:48:42', '2016-09-14 00:48:42', '571620d0-522f-47c0-8f26-d02fb59daafb'),
 ('301', '67', '49', '25', '0', '9', '2016-09-14 00:48:42', '2016-09-14 00:48:42', '420357e5-eb53-435e-b537-018e73b45f53'),
 ('302', '67', '49', '24', '0', '10', '2016-09-14 00:48:42', '2016-09-14 00:48:42', '8fd2325b-2235-4756-9690-ebf8f8752cf2'),
 ('303', '67', '49', '10', '0', '11', '2016-09-14 00:48:42', '2016-09-14 00:48:42', 'd1a2c786-e619-448a-83e9-67be86aef410'),
 ('304', '67', '49', '12', '0', '12', '2016-09-14 00:48:42', '2016-09-14 00:48:42', 'c0276941-743b-4969-a392-c21034290616'),
 ('305', '67', '49', '14', '0', '13', '2016-09-14 00:48:42', '2016-09-14 00:48:42', 'e539302b-a2f1-44c2-96b8-9d16b5ec476f'),
 ('306', '67', '49', '16', '0', '14', '2016-09-14 00:48:42', '2016-09-14 00:48:42', '71a65f12-06df-4f94-8a02-d938121e2682'),
 ('307', '67', '49', '5', '0', '15', '2016-09-14 00:48:42', '2016-09-14 00:48:42', '78e9dd4f-08ff-4802-a0f9-09bb839cf812'),
 ('308', '67', '49', '22', '0', '16', '2016-09-14 00:48:42', '2016-09-14 00:48:42', 'cc5b8679-1a42-4c9c-b954-1c765291fd24'),
 ('309', '67', '49', '18', '0', '17', '2016-09-14 00:48:42', '2016-09-14 00:48:42', '31e707c4-efc0-4625-85f4-ca7797f831aa'),
 ('310', '67', '49', '19', '0', '18', '2016-09-14 00:48:42', '2016-09-14 00:48:42', 'dfe5cf68-34ae-4d57-aace-a29786df0485'),
 ('311', '67', '49', '17', '0', '19', '2016-09-14 00:48:42', '2016-09-14 00:48:42', 'a942b3d3-f3bc-4d8e-9c28-3de24fc6d33e'),
 ('312', '67', '50', '26', '0', '1', '2016-09-14 00:48:42', '2016-09-14 00:48:42', 'fdccf341-0df9-449d-837e-c0ffedd185b8'),
 ('313', '67', '50', '31', '0', '2', '2016-09-14 00:48:42', '2016-09-14 00:48:42', '3c5fa1aa-af8a-4879-bd64-19797a83c029'),
 ('314', '68', '51', '36', '0', '1', '2016-09-14 00:54:42', '2016-09-14 00:54:42', 'cc451242-ddad-477f-a339-8d1ab7ddfe80');



DROP TABLE IF EXISTS `craft_fieldlayouts`;


--
-- Schema for table `craft_fieldlayouts`
--
CREATE TABLE `craft_fieldlayouts` (
  `id` int(11) NOT NULL AUTO_INCREMENT,
  `type` varchar(150) COLLATE utf8_unicode_ci NOT NULL,
  `dateCreated` datetime NOT NULL,
  `dateUpdated` datetime NOT NULL,
  `uid` char(36) COLLATE utf8_unicode_ci NOT NULL DEFAULT '0',
  PRIMARY KEY (`id`),
  KEY `craft_fieldlayouts_type_idx` (`type`)
) ENGINE=InnoDB AUTO_INCREMENT=69 DEFAULT CHARSET=utf8 COLLATE=utf8_unicode_ci;

--
-- Data for table `craft_fieldlayouts`
--

INSERT INTO `craft_fieldlayouts` (`id`, `type`, `dateCreated`, `dateUpdated`, `uid`) VALUES
 ('4', 'Entry', '2016-08-15 04:40:12', '2016-08-15 04:40:12', '9dfdb9d0-2356-4230-929f-c00210c7d66d'),
 ('6', 'Entry', '2016-08-15 04:50:23', '2016-08-15 04:50:23', '0f8bdb84-4718-484d-a588-243ea48f1a7d'),
 ('11', 'Tag', '2016-08-15 04:57:55', '2016-08-15 04:57:55', '1902056e-ea08-40fc-a66d-6125e3c4a1bc'),
 ('16', 'MatrixBlock', '2016-08-15 05:10:32', '2016-08-15 05:10:32', 'b4043edb-8299-4f8a-94f9-40959f3fc7c9'),
 ('18', 'MatrixBlock', '2016-08-15 05:15:53', '2016-08-15 05:15:53', 'da3ac110-0828-4dfa-a878-a2127ca05aea'),
 ('21', 'MatrixBlock', '2016-08-15 05:23:44', '2016-08-15 05:23:44', 'd8e31852-8968-49a4-a1de-eda9fa181d0a'),
 ('25', 'MatrixBlock', '2016-08-15 05:31:37', '2016-08-15 05:31:37', '4442176c-0f9e-43a6-9ed4-97f3f9c8f716'),
 ('44', 'MatrixBlock', '2016-08-15 08:10:15', '2016-08-15 08:10:15', '3493fce7-bc09-47f0-9bc8-b906d565b79a'),
 ('46', 'Asset', '2016-08-15 09:31:21', '2016-08-15 09:31:21', '85bb4df6-b187-41e1-8efe-a7cafd43e2a5'),
 ('51', 'GlobalSet', '2016-09-13 04:34:26', '2016-09-13 04:34:26', '482d91b4-2d5a-4223-9e7d-e0d2c6950e36'),
 ('57', 'Asset', '2016-09-13 05:54:03', '2016-09-13 05:54:03', '50bcbeee-5ba5-4fee-99d2-d8ed989d7008'),
 ('63', 'Tag', '2016-09-14 00:43:14', '2016-09-14 00:43:14', '0992bee4-9d31-4058-8640-7149dd75777e'),
 ('64', 'Tag', '2016-09-14 00:43:22', '2016-09-14 00:43:22', 'ae43c024-0f41-4165-aa2b-1b685cdf74db'),
 ('67', 'Entry', '2016-09-14 00:48:42', '2016-09-14 00:48:42', '3a0dad8c-abd6-462d-a3ad-9a083ad9264b'),
 ('68', 'Tag', '2016-09-14 00:54:42', '2016-09-14 00:54:42', 'e7fbee45-8f5a-4f36-83e4-be74a7220fc2');



DROP TABLE IF EXISTS `craft_fieldlayouttabs`;


--
-- Schema for table `craft_fieldlayouttabs`
--
CREATE TABLE `craft_fieldlayouttabs` (
  `id` int(11) NOT NULL AUTO_INCREMENT,
  `layoutId` int(11) NOT NULL,
  `name` varchar(255) COLLATE utf8_unicode_ci NOT NULL,
  `sortOrder` smallint(6) unsigned DEFAULT NULL,
  `dateCreated` datetime NOT NULL,
  `dateUpdated` datetime NOT NULL,
  `uid` char(36) COLLATE utf8_unicode_ci NOT NULL DEFAULT '0',
  PRIMARY KEY (`id`),
  KEY `craft_fieldlayouttabs_sortOrder_idx` (`sortOrder`),
  KEY `craft_fieldlayouttabs_layoutId_fk` (`layoutId`)
) ENGINE=InnoDB AUTO_INCREMENT=52 DEFAULT CHARSET=utf8 COLLATE=utf8_unicode_ci;

--
-- Data for table `craft_fieldlayouttabs`
--

INSERT INTO `craft_fieldlayouttabs` (`id`, `layoutId`, `name`, `sortOrder`, `dateCreated`, `dateUpdated`, `uid`) VALUES
 ('2', '4', 'Content', '1', '2016-08-15 04:40:12', '2016-08-15 04:40:12', 'ab71ceb9-5d34-43dd-be46-fafd46b3f450'),
 ('8', '16', 'Content', '1', '2016-08-15 05:10:32', '2016-08-15 05:10:32', 'c2f5b0e4-02ef-4111-b74b-59ae6dac54ae'),
 ('10', '18', 'Content', '1', '2016-08-15 05:15:53', '2016-08-15 05:15:53', 'fb4a75de-5820-42f9-946d-721d0cccae3f'),
 ('13', '21', 'Content', '1', '2016-08-15 05:23:44', '2016-08-15 05:23:44', '6d924b2b-1bcc-4349-9f17-51df2b11a2fb'),
 ('17', '25', 'Content', '1', '2016-08-15 05:31:37', '2016-08-15 05:31:37', '2fcb3094-209d-4578-ba9a-ad83fc4f891c'),
 ('33', '44', 'Content', '1', '2016-08-15 08:10:15', '2016-08-15 08:10:15', 'c52c0688-5b6f-42ee-b35f-67fd7c74e221'),
 ('38', '51', 'Content', '1', '2016-09-13 04:34:26', '2016-09-13 04:34:26', '7a537045-c2fc-48c5-a14a-5e120c403ca4'),
 ('49', '67', 'Event Details', '1', '2016-09-14 00:48:42', '2016-09-14 00:48:42', '2a82f212-9551-45bd-902b-1f1d470af0c0'),
 ('50', '67', 'Post-Event Details', '2', '2016-09-14 00:48:42', '2016-09-14 00:48:42', 'efdc67aa-3d44-49a1-bd25-4f45f4b60b55'),
 ('51', '68', 'Content', '1', '2016-09-14 00:54:42', '2016-09-14 00:54:42', '2ca53fc3-f186-418c-8152-43af617f9c0a');



DROP TABLE IF EXISTS `craft_fields`;


--
-- Schema for table `craft_fields`
--
CREATE TABLE `craft_fields` (
  `id` int(11) NOT NULL AUTO_INCREMENT,
  `groupId` int(11) DEFAULT NULL,
  `name` varchar(255) COLLATE utf8_unicode_ci NOT NULL,
  `handle` varchar(58) COLLATE utf8_unicode_ci NOT NULL,
  `context` varchar(255) COLLATE utf8_unicode_ci NOT NULL DEFAULT 'global',
  `instructions` text COLLATE utf8_unicode_ci,
  `translatable` tinyint(1) unsigned NOT NULL DEFAULT '0',
  `type` varchar(150) COLLATE utf8_unicode_ci NOT NULL,
  `settings` text COLLATE utf8_unicode_ci,
  `dateCreated` datetime NOT NULL,
  `dateUpdated` datetime NOT NULL,
  `uid` char(36) COLLATE utf8_unicode_ci NOT NULL DEFAULT '0',
  PRIMARY KEY (`id`),
  UNIQUE KEY `craft_fields_handle_context_unq_idx` (`handle`,`context`),
  KEY `craft_fields_context_idx` (`context`),
  KEY `craft_fields_groupId_fk` (`groupId`)
) ENGINE=InnoDB AUTO_INCREMENT=37 DEFAULT CHARSET=utf8 COLLATE=utf8_unicode_ci;

--
-- Data for table `craft_fields`
--

INSERT INTO `craft_fields` (`id`, `groupId`, `name`, `handle`, `context`, `instructions`, `translatable`, `type`, `settings`, `dateCreated`, `dateUpdated`, `uid`) VALUES
 ('1', '1', 'Body', 'body', 'global', NULL, '1', 'RichText', '{\"configFile\":\"Standard.json\",\"columnType\":\"text\"}', '2016-07-09 03:24:17', '2016-07-09 03:24:17', '86bd3e6a-064d-4433-90fc-ba3d014c79de'),
 ('2', '1', 'Tags', 'tags', 'global', NULL, '0', 'Tags', '{\"source\":\"taggroup:1\"}', '2016-07-09 03:24:17', '2016-07-09 03:24:17', 'c9f19f3d-7a06-4d66-b9dc-f5b102992a9a'),
 ('3', '2', 'Hosts', 'hosts', 'global', 'Who is hosting this event (Mad City, MWL, RTZ, etc)?', '0', 'Tags', '{\"source\":\"taggroup:6\",\"selectionLabel\":\"Add Host\"}', '2016-08-15 04:54:20', '2016-09-14 00:47:50', '99089182-60db-4e7a-a678-fd5cc49f4b8a'),
 ('4', '2', 'Event Types', 'eventtypes', 'global', 'What type of LAN is this (BYOC, NON-BYOC, Online, Major)?', '0', 'Tags', '{\"source\":\"taggroup:7\",\"selectionLabel\":\"Add Event Type\"}', '2016-08-15 04:59:27', '2016-09-14 00:48:06', 'e12bbd82-7fc9-43b1-b5a4-bef3338f9b95'),
 ('5', '2', 'Maps', 'maps', 'global', 'What is the map list for this event?', '0', 'Tags', '{\"source\":\"taggroup:5\",\"selectionLabel\":\"Add Map\"}', '2016-08-15 05:01:27', '2016-08-15 05:01:27', '6507d400-020d-4510-87bd-1f0e8280129c'),
 ('6', '2', 'Regions', 'regions', 'global', 'What region of the country is this event in (West, Midwest, South, Northeast)?', '0', 'Tags', '{\"source\":\"taggroup:8\",\"selectionLabel\":\"Add Region\"}', '2016-08-15 05:02:00', '2016-09-14 00:47:38', 'dee0713c-c71d-477a-b92c-ff6387fc800b'),
 ('7', '2', 'Subtitle', 'subtitle', 'global', '', '0', 'PlainText', '{\"placeholder\":\"\",\"maxLength\":\"\",\"multiline\":\"\",\"initialRows\":\"4\"}', '2016-08-15 05:06:38', '2016-08-15 05:06:38', 'b43c5a41-c499-4af7-b2f9-94a284fd004f'),
 ('8', '2', 'Location', 'location', 'global', '', '0', 'PlainText', '{\"placeholder\":\"\",\"maxLength\":\"\",\"multiline\":\"1\",\"initialRows\":\"1\"}', '2016-08-15 05:07:42', '2016-09-13 04:56:24', '83a5837d-3425-4014-b3cb-ac1d7bd77f48'),
 ('9', '2', 'Location (Geolocation)', 'locationgeo', 'global', 'Use this geo location to generate a Google Maps embed (Use: http://en.mygeoposition.com/).', '0', 'PlainText', '{\"placeholder\":\"\",\"maxLength\":\"\",\"multiline\":\"\",\"initialRows\":\"4\"}', '2016-08-15 05:08:38', '2016-08-15 05:35:43', '2461e8b3-4bbe-4ab5-b975-6d68661077cf'),
 ('10', '2', 'Entry Costs', 'entrycosts', 'global', '', '0', 'Matrix', '{\"maxBlocks\":null}', '2016-08-15 05:10:31', '2016-08-15 05:10:31', 'a9d85fad-684e-47b6-9a87-a0cfce8538cc'),
 ('11', NULL, 'Price', 'price', 'matrixBlockType:1', 'Add one or several price(s) based on entry costs for the event.', '0', 'PlainText', '{\"placeholder\":\"\",\"maxLength\":\"\",\"multiline\":\"\",\"initialRows\":\"4\"}', '2016-08-15 05:10:32', '2016-08-15 05:10:32', '4206cf94-b0a4-4e15-ab70-e2e0b2a5197e'),
 ('12', '2', 'Spectator Cost', 'spectatorcost', 'global', '', '0', 'PlainText', '{\"placeholder\":\"\",\"maxLength\":\"\",\"multiline\":\"\",\"initialRows\":\"4\"}', '2016-08-15 05:14:09', '2016-08-15 05:14:09', '2a1d4971-2af4-4e93-921e-5daec6e302c2'),
 ('14', '2', 'Prizes', 'prizes', 'global', '', '0', 'Matrix', '{\"maxBlocks\":null}', '2016-08-15 05:15:53', '2016-08-15 05:15:53', 'a5929cb3-106b-4b1e-b973-915044d74b14'),
 ('15', NULL, 'Prize', 'prize', 'matrixBlockType:2', '', '0', 'PlainText', '{\"placeholder\":\"\",\"maxLength\":\"\",\"multiline\":\"\",\"initialRows\":\"4\"}', '2016-08-15 05:15:53', '2016-08-15 05:15:53', '2cd8db81-8593-47e6-9bfb-0aa6cc462be1'),
 ('16', '2', 'Tournament Format', 'tournamentformat', 'global', 'Provide some details on the tournament and how it will break down (Group play, double vs. single elimination, best of one, best of three, etc.). ', '0', 'RichText', '{\"configFile\":\"\",\"availableAssetSources\":\"\",\"availableTransforms\":\"\",\"cleanupHtml\":\"1\",\"purifyHtml\":\"1\",\"columnType\":\"text\"}', '2016-08-15 05:17:52', '2016-08-15 05:18:41', '084b027c-d93e-46f1-bc9a-9b8bd44a19da'),
 ('17', '2', 'TLDR', 'tldr', 'global', 'Provide a quick recap and simple format of exactly what needs to be done to register and participate in the event (1. Go to this link and pay 2. Go to this link and register your team, etc). ', '0', 'RichText', '{\"configFile\":\"\",\"availableAssetSources\":\"\",\"availableTransforms\":\"\",\"cleanupHtml\":\"1\",\"purifyHtml\":\"1\",\"columnType\":\"text\"}', '2016-08-15 05:20:53', '2016-08-15 05:20:53', '9beb8048-042f-45b2-93b8-11715ba9cf86'),
 ('18', '2', 'Twitch URL', 'twitchurl', 'global', 'Provide a URL to embed the stream on to the page.', '0', 'PlainText', '{\"placeholder\":\"\",\"maxLength\":\"\",\"multiline\":\"\",\"initialRows\":\"4\"}', '2016-08-15 05:21:37', '2016-08-15 05:21:37', '7a4d1e02-a0f8-41ba-b354-a80e864aa6f8'),
 ('19', '2', 'Promotional Links', 'promotionallinks', 'global', 'Add any sponsor URLs or other promotional materials for the event.', '0', 'Matrix', '{\"maxBlocks\":null}', '2016-08-15 05:23:44', '2016-08-15 05:23:44', 'c925b386-a8b8-48d4-a659-13095fe19897'),
 ('20', NULL, 'Promo URL', 'promourl', 'matrixBlockType:3', '', '0', 'PlainText', '{\"placeholder\":\"\",\"maxLength\":\"\",\"multiline\":\"\",\"initialRows\":\"4\"}', '2016-08-15 05:23:44', '2016-08-15 05:23:44', '5308bd70-8af2-4863-a034-43b04f74d134'),
 ('21', NULL, 'Promo Name', 'promoname', 'matrixBlockType:3', '', '0', 'PlainText', '{\"placeholder\":\"\",\"maxLength\":\"\",\"multiline\":\"\",\"initialRows\":\"4\"}', '2016-08-15 05:23:44', '2016-08-15 05:23:44', '1e64b25a-c455-4ff8-a68c-d15e5de5afbd'),
 ('22', '2', 'Bracket Embeds', 'bracketembeds', 'global', 'OPTIONAL: embed bracket HTML on to page if desired.', '0', 'Matrix', '{\"maxBlocks\":null}', '2016-08-15 05:26:16', '2016-08-15 05:31:37', '74af8d2d-5f8b-487d-9495-c28af143a148'),
 ('23', NULL, 'Bracket Embed HTML', 'bracketembedhtml', 'matrixBlockType:4', '', '0', 'PlainText', '{\"placeholder\":\"\",\"maxLength\":\"\",\"multiline\":\"\",\"initialRows\":\"4\"}', '2016-08-15 05:26:16', '2016-08-15 05:31:37', '6edf11d6-4c3f-4913-9d26-a588b3979843'),
 ('24', '2', 'Event Notice', 'eventnotice', 'global', 'OPTIONAL: Alert style to communicate something important (\"Ticket sales begin on March 15th\" or \"BYOC Event starts on Friday but CS:GO begins on Saturday at 10am CST\")', '0', 'PlainText', '{\"placeholder\":\"\",\"maxLength\":\"\",\"multiline\":\"\",\"initialRows\":\"4\"}', '2016-08-15 05:30:52', '2016-08-15 05:31:20', 'ab361aab-c9d3-4130-becc-a0470b91b090'),
 ('25', '2', 'Start Time', 'starttime', 'global', '', '0', 'Date', '{\"minuteIncrement\":\"30\",\"showTime\":1,\"showDate\":1}', '2016-08-15 05:38:29', '2016-08-15 05:38:29', '6a4f8030-26eb-41d7-9e56-92d1ec622e73'),
 ('26', '3', 'Placements', 'placements', 'global', 'Who won, how did they place, and what did they take home for a prize?', '0', 'Matrix', '{\"maxBlocks\":null}', '2016-08-15 07:24:52', '2016-08-15 08:10:15', 'cf6bc6fe-ce9c-49a1-948e-0b50181a5264'),
 ('27', NULL, 'Team Placement', 'teamplacement', 'matrixBlockType:5', 'Format: \"1st: \"', '0', 'PlainText', '{\"placeholder\":\"\",\"maxLength\":\"\",\"multiline\":\"\",\"initialRows\":\"4\"}', '2016-08-15 07:24:52', '2016-08-15 08:10:15', 'b6f522f1-4def-424e-896f-6e213be4bd42'),
 ('28', NULL, 'Team Name', 'teamname', 'matrixBlockType:5', '', '0', 'PlainText', '{\"placeholder\":\"\",\"maxLength\":\"\",\"multiline\":\"\",\"initialRows\":\"4\"}', '2016-08-15 07:24:53', '2016-08-15 08:10:15', '6fed0d2b-5278-4e61-9541-ee51c95adb78'),
 ('29', NULL, 'Team Winnings', 'teamwinnings', 'matrixBlockType:5', '', '0', 'PlainText', '{\"placeholder\":\"\",\"maxLength\":\"\",\"multiline\":\"\",\"initialRows\":\"4\"}', '2016-08-15 07:24:53', '2016-08-15 08:10:15', '86a4330f-709f-4af4-8a94-49032a055304'),
 ('30', NULL, 'Team Photo', 'teamphoto', 'matrixBlockType:5', '', '0', 'Assets', '{\"useSingleFolder\":\"1\",\"sources\":[\"folder:1\"],\"defaultUploadLocationSource\":\"1\",\"defaultUploadLocationSubpath\":\"\",\"singleUploadLocationSource\":\"1\",\"singleUploadLocationSubpath\":\"events\\/{owner.slug}\\/team-photos\",\"restrictFiles\":\"1\",\"allowedKinds\":[\"image\"],\"limit\":\"1\",\"viewMode\":\"large\",\"selectionLabel\":\"Add a Team Photo\"}', '2016-08-15 07:32:38', '2016-08-15 08:10:15', '0440b5c8-977f-49c0-8c65-6e7b722f38c6'),
 ('31', '3', 'Gallery', 'gallery', 'global', '', '0', 'Assets', '{\"useSingleFolder\":\"1\",\"sources\":\"*\",\"defaultUploadLocationSource\":\"1\",\"defaultUploadLocationSubpath\":\"\",\"singleUploadLocationSource\":\"1\",\"singleUploadLocationSubpath\":\"events\\/{slug}\\/gallery\",\"restrictFiles\":\"1\",\"allowedKinds\":[\"image\"],\"limit\":\"\",\"viewMode\":\"list\",\"selectionLabel\":\"Add a Photo\"}', '2016-08-15 07:44:30', '2016-08-15 09:27:29', 'd80903b7-a389-4b53-962f-59e2188db654'),
 ('32', '4', 'Alert Type', 'alerttype', 'global', 'What type of alert is this?', '0', 'Dropdown', '{\"options\":[{\"label\":\"Twitch\",\"value\":\"twitch\",\"default\":\"1\"}]}', '2016-09-13 04:30:41', '2016-09-13 04:33:45', '2baa978c-bd95-4739-83b8-8efa95787ca3'),
 ('33', '4', 'Alert Toggle', 'alerttoggle', 'global', 'Should this alert be showing?', '0', 'Lightswitch', '{\"default\":\"\"}', '2016-09-13 04:34:15', '2016-09-13 04:34:15', '09793cf4-c87a-4d82-b68b-15d3fb652dec'),
 ('34', '2', 'Cash Pot', 'cashpot', 'global', 'What\'s the total cash prize value?', '0', 'PlainText', '{\"placeholder\":\"$1\",\"maxLength\":\"\",\"multiline\":\"\",\"initialRows\":\"4\"}', '2016-09-13 05:00:34', '2016-09-13 05:00:34', '04f5fd30-34b2-4357-aa7a-b57f2b8f0535'),
 ('35', '2', 'Short Location', 'shortlocation', 'global', 'City, State', '0', 'PlainText', '{\"placeholder\":\"Chicago, IL\",\"maxLength\":\"\",\"multiline\":\"\",\"initialRows\":\"4\"}', '2016-09-13 05:03:34', '2016-09-13 05:03:34', '264c7819-cf71-43c9-8948-b91aaaf0bdcf'),
 ('36', '5', 'Host Logo', 'hostlogo', 'global', 'Logo for Host', '0', 'Assets', '{\"useSingleFolder\":\"\",\"sources\":[\"folder:57\"],\"defaultUploadLocationSource\":\"2\",\"defaultUploadLocationSubpath\":\"host\\/{slug}\",\"singleUploadLocationSource\":\"1\",\"singleUploadLocationSubpath\":\"\",\"restrictFiles\":\"\",\"limit\":\"\",\"viewMode\":\"list\",\"selectionLabel\":\"Add a logo\"}', '2016-09-13 05:42:59', '2016-09-13 05:48:28', '6f7cf7a4-d8ab-4185-941d-c5650c97bcc1');



DROP TABLE IF EXISTS `craft_globalsets`;


--
-- Schema for table `craft_globalsets`
--
CREATE TABLE `craft_globalsets` (
  `id` int(11) NOT NULL,
  `name` varchar(255) COLLATE utf8_unicode_ci NOT NULL,
  `handle` varchar(255) COLLATE utf8_unicode_ci NOT NULL,
  `fieldLayoutId` int(10) DEFAULT NULL,
  `dateCreated` datetime NOT NULL,
  `dateUpdated` datetime NOT NULL,
  `uid` char(36) COLLATE utf8_unicode_ci NOT NULL DEFAULT '0',
  PRIMARY KEY (`id`),
  UNIQUE KEY `craft_globalsets_name_unq_idx` (`name`),
  UNIQUE KEY `craft_globalsets_handle_unq_idx` (`handle`),
  KEY `craft_globalsets_fieldLayoutId_fk` (`fieldLayoutId`)
) ENGINE=InnoDB DEFAULT CHARSET=utf8 COLLATE=utf8_unicode_ci;

--
-- Data for table `craft_globalsets`
--

INSERT INTO `craft_globalsets` (`id`, `name`, `handle`, `fieldLayoutId`, `dateCreated`, `dateUpdated`, `uid`) VALUES
 ('69', 'Alerts', 'alerts', '51', '2016-09-13 04:28:13', '2016-09-13 04:34:26', 'd51b179a-1f2e-47c1-8000-e2c079498b5a');



DROP TABLE IF EXISTS `craft_info`;


--
-- Schema for table `craft_info`
--
CREATE TABLE `craft_info` (
  `id` int(11) NOT NULL AUTO_INCREMENT,
  `version` varchar(15) COLLATE utf8_unicode_ci NOT NULL,
  `build` int(11) unsigned NOT NULL,
  `schemaVersion` varchar(15) COLLATE utf8_unicode_ci NOT NULL,
  `releaseDate` datetime NOT NULL,
  `edition` tinyint(1) unsigned NOT NULL DEFAULT '0',
  `siteName` varchar(100) COLLATE utf8_unicode_ci NOT NULL,
  `siteUrl` varchar(255) COLLATE utf8_unicode_ci NOT NULL,
  `timezone` varchar(30) COLLATE utf8_unicode_ci DEFAULT NULL,
  `on` tinyint(1) unsigned NOT NULL DEFAULT '0',
  `maintenance` tinyint(1) unsigned NOT NULL DEFAULT '0',
  `track` varchar(40) COLLATE utf8_unicode_ci NOT NULL,
  `dateCreated` datetime NOT NULL,
  `dateUpdated` datetime NOT NULL,
  `uid` char(36) COLLATE utf8_unicode_ci NOT NULL DEFAULT '0',
  PRIMARY KEY (`id`)
) ENGINE=InnoDB AUTO_INCREMENT=2 DEFAULT CHARSET=utf8 COLLATE=utf8_unicode_ci;

--
-- Data for table `craft_info`
--

INSERT INTO `craft_info` (`id`, `version`, `build`, `schemaVersion`, `releaseDate`, `edition`, `siteName`, `siteUrl`, `timezone`, `on`, `maintenance`, `track`, `dateCreated`, `dateUpdated`, `uid`) VALUES
 ('1', '2.6', '2931', '2.6.6', '2016-09-08 21:48:46', '0', 'CS:GO Events', 'http://csgoevents.local', 'America/Chicago', '1', '1', 'stable', '2016-07-09 03:24:15', '2016-09-21 00:33:10', '2a3593c4-7077-41d5-aef5-d0eb2ac806b2');



DROP TABLE IF EXISTS `craft_locales`;


--
-- Schema for table `craft_locales`
--
CREATE TABLE `craft_locales` (
  `locale` char(12) COLLATE utf8_unicode_ci NOT NULL,
  `sortOrder` smallint(6) unsigned DEFAULT NULL,
  `dateCreated` datetime NOT NULL,
  `dateUpdated` datetime NOT NULL,
  `uid` char(36) COLLATE utf8_unicode_ci NOT NULL DEFAULT '0',
  PRIMARY KEY (`locale`),
  KEY `craft_locales_sortOrder_idx` (`sortOrder`)
) ENGINE=InnoDB DEFAULT CHARSET=utf8 COLLATE=utf8_unicode_ci;

--
-- Data for table `craft_locales`
--

INSERT INTO `craft_locales` (`locale`, `sortOrder`, `dateCreated`, `dateUpdated`, `uid`) VALUES
 ('en_us', '1', '2016-07-09 03:24:15', '2016-07-09 03:24:15', '5373e183-0d5c-4638-bce5-b2e6c2f62e84');



DROP TABLE IF EXISTS `craft_matrixblocks`;


--
-- Schema for table `craft_matrixblocks`
--
CREATE TABLE `craft_matrixblocks` (
  `id` int(11) NOT NULL,
  `ownerId` int(11) NOT NULL,
  `fieldId` int(11) NOT NULL,
  `typeId` int(11) DEFAULT NULL,
  `sortOrder` smallint(6) unsigned DEFAULT NULL,
  `ownerLocale` char(12) COLLATE utf8_unicode_ci DEFAULT NULL,
  `dateCreated` datetime NOT NULL,
  `dateUpdated` datetime NOT NULL,
  `uid` char(36) COLLATE utf8_unicode_ci NOT NULL DEFAULT '0',
  PRIMARY KEY (`id`),
  KEY `craft_matrixblocks_ownerId_idx` (`ownerId`),
  KEY `craft_matrixblocks_fieldId_idx` (`fieldId`),
  KEY `craft_matrixblocks_typeId_idx` (`typeId`),
  KEY `craft_matrixblocks_sortOrder_idx` (`sortOrder`),
  KEY `craft_matrixblocks_ownerLocale_fk` (`ownerLocale`)
) ENGINE=InnoDB DEFAULT CHARSET=utf8 COLLATE=utf8_unicode_ci;

--
-- Data for table `craft_matrixblocks`
--

INSERT INTO `craft_matrixblocks` (`id`, `ownerId`, `fieldId`, `typeId`, `sortOrder`, `ownerLocale`, `dateCreated`, `dateUpdated`, `uid`) VALUES
 ('20', '3', '10', '1', '1', NULL, '2016-08-15 05:12:24', '2016-09-14 00:49:03', 'd8177d47-1ab4-4477-a6ba-4a7298d54615'),
 ('21', '3', '10', '1', '2', NULL, '2016-08-15 05:12:24', '2016-09-14 00:49:03', '6a485407-825d-4286-b01b-dbc18ea10bc6'),
 ('22', '3', '10', '1', '3', NULL, '2016-08-15 05:12:24', '2016-09-14 00:49:03', '12834216-8cfa-4d67-a903-40c9d0e29044'),
 ('23', '3', '10', '1', '4', NULL, '2016-08-15 05:37:11', '2016-09-14 00:49:03', 'e064d3bf-4415-41ef-b50b-e1e34e61d6c9'),
 ('24', '3', '10', '1', '5', NULL, '2016-08-15 05:37:11', '2016-09-14 00:49:03', 'b3487d63-7e5e-4336-87f7-c10c0fdf33ce'),
 ('25', '3', '19', '3', '1', NULL, '2016-08-15 05:37:11', '2016-09-14 00:49:03', '0c5917a2-8971-40e4-88de-a1119e1a44ed'),
 ('26', '3', '19', '3', '2', NULL, '2016-08-15 05:37:11', '2016-09-14 00:49:03', 'e9c41c6c-110a-4056-ae02-a8f4a4c5bec6'),
 ('27', '3', '19', '3', '3', NULL, '2016-08-15 05:37:11', '2016-09-14 00:49:03', '37cee356-5684-4833-978d-19310f9b5157'),
 ('28', '3', '19', '3', '4', NULL, '2016-08-15 05:37:11', '2016-09-14 00:49:03', 'df1063e5-1b7b-4a97-b300-db015cfda7fb'),
 ('29', '3', '22', '4', '1', NULL, '2016-08-15 06:19:28', '2016-09-14 00:49:03', '70da4edd-5bbd-4f55-bea9-c729a38f3737'),
 ('30', '3', '14', '2', '1', NULL, '2016-08-15 06:23:57', '2016-09-14 00:49:03', '244e1760-2e72-42ef-8e58-6ee70a91e4ed'),
 ('31', '3', '14', '2', '2', NULL, '2016-08-15 06:23:57', '2016-09-14 00:49:03', 'db75f794-a8b8-41a0-90bf-2595aa22f504'),
 ('32', '3', '26', '5', '1', NULL, '2016-08-15 07:26:05', '2016-09-14 00:49:03', '3c7f2155-276e-42c8-ad2c-f4adf73d4d5a');



DROP TABLE IF EXISTS `craft_matrixblocktypes`;


--
-- Schema for table `craft_matrixblocktypes`
--
CREATE TABLE `craft_matrixblocktypes` (
  `id` int(11) NOT NULL AUTO_INCREMENT,
  `fieldId` int(11) NOT NULL,
  `fieldLayoutId` int(11) DEFAULT NULL,
  `name` varchar(255) COLLATE utf8_unicode_ci NOT NULL,
  `handle` varchar(255) COLLATE utf8_unicode_ci NOT NULL,
  `sortOrder` smallint(6) unsigned DEFAULT NULL,
  `dateCreated` datetime NOT NULL,
  `dateUpdated` datetime NOT NULL,
  `uid` char(36) COLLATE utf8_unicode_ci NOT NULL DEFAULT '0',
  PRIMARY KEY (`id`),
  UNIQUE KEY `craft_matrixblocktypes_name_fieldId_unq_idx` (`name`,`fieldId`),
  UNIQUE KEY `craft_matrixblocktypes_handle_fieldId_unq_idx` (`handle`,`fieldId`),
  KEY `craft_matrixblocktypes_fieldId_fk` (`fieldId`),
  KEY `craft_matrixblocktypes_fieldLayoutId_fk` (`fieldLayoutId`)
) ENGINE=InnoDB AUTO_INCREMENT=6 DEFAULT CHARSET=utf8 COLLATE=utf8_unicode_ci;

--
-- Data for table `craft_matrixblocktypes`
--

INSERT INTO `craft_matrixblocktypes` (`id`, `fieldId`, `fieldLayoutId`, `name`, `handle`, `sortOrder`, `dateCreated`, `dateUpdated`, `uid`) VALUES
 ('1', '10', '16', 'Price', 'price', '1', '2016-08-15 05:10:32', '2016-08-15 05:10:32', '51b645f7-16cd-4875-94b2-71fc106bd62e'),
 ('2', '14', '18', 'Prize', 'prize', '1', '2016-08-15 05:15:53', '2016-08-15 05:15:53', 'f4e421b5-54cb-4376-928b-5a1851259d51'),
 ('3', '19', '21', 'Promo URL', 'promourl', '1', '2016-08-15 05:23:44', '2016-08-15 05:23:44', '214c3d41-bd18-47e0-8ae8-d2c4d500f2ca'),
 ('4', '22', '25', 'Bracket Embed', 'bracketembed', '1', '2016-08-15 05:26:16', '2016-08-15 05:31:37', 'eade6fae-38fe-4589-8c2a-94afd453f6bc'),
 ('5', '26', '44', 'Placement', 'placement', '1', '2016-08-15 07:24:52', '2016-08-15 08:10:15', 'b8a2b189-68c9-40cc-9a27-bb96a0c56063');



DROP TABLE IF EXISTS `craft_matrixcontent_bracketembeds`;


--
-- Schema for table `craft_matrixcontent_bracketembeds`
--
CREATE TABLE `craft_matrixcontent_bracketembeds` (
  `id` int(11) NOT NULL AUTO_INCREMENT,
  `elementId` int(11) NOT NULL,
  `locale` char(12) COLLATE utf8_unicode_ci NOT NULL,
  `field_bracketembed_bracketembedhtml` text COLLATE utf8_unicode_ci,
  `dateCreated` datetime NOT NULL,
  `dateUpdated` datetime NOT NULL,
  `uid` char(36) COLLATE utf8_unicode_ci NOT NULL DEFAULT '0',
  PRIMARY KEY (`id`),
  UNIQUE KEY `craft_matrixcontent_bracketembeds_elementId_locale_unq_idx` (`elementId`,`locale`),
  KEY `craft_matrixcontent_bracketembeds_locale_fk` (`locale`)
) ENGINE=InnoDB AUTO_INCREMENT=2 DEFAULT CHARSET=utf8 COLLATE=utf8_unicode_ci;

--
-- Data for table `craft_matrixcontent_bracketembeds`
--

INSERT INTO `craft_matrixcontent_bracketembeds` (`id`, `elementId`, `locale`, `field_bracketembed_bracketembedhtml`, `dateCreated`, `dateUpdated`, `uid`) VALUES
 ('1', '29', 'en_us', '<iframe width=\"853\" height=\"480\" src=\"https://widget.toornament.com/tournaments/575eecb6140ba0ea4b8b4567/stages/1?_locale=en_US&amp;theme=light\" allowfullscreen=\"\"> </iframe>', '2016-08-15 06:19:28', '2016-09-14 00:49:03', '13a4b60e-3e73-4abe-94a8-68972b27f43f');



DROP TABLE IF EXISTS `craft_matrixcontent_entrycosts`;


--
-- Schema for table `craft_matrixcontent_entrycosts`
--
CREATE TABLE `craft_matrixcontent_entrycosts` (
  `id` int(11) NOT NULL AUTO_INCREMENT,
  `elementId` int(11) NOT NULL,
  `locale` char(12) COLLATE utf8_unicode_ci NOT NULL,
  `field_price_price` text COLLATE utf8_unicode_ci,
  `dateCreated` datetime NOT NULL,
  `dateUpdated` datetime NOT NULL,
  `uid` char(36) COLLATE utf8_unicode_ci NOT NULL DEFAULT '0',
  PRIMARY KEY (`id`),
  UNIQUE KEY `craft_matrixcontent_entrycosts_elementId_locale_unq_idx` (`elementId`,`locale`),
  KEY `craft_matrixcontent_entrycosts_locale_fk` (`locale`)
) ENGINE=InnoDB AUTO_INCREMENT=6 DEFAULT CHARSET=utf8 COLLATE=utf8_unicode_ci;

--
-- Data for table `craft_matrixcontent_entrycosts`
--

INSERT INTO `craft_matrixcontent_entrycosts` (`id`, `elementId`, `locale`, `field_price_price`, `dateCreated`, `dateUpdated`, `uid`) VALUES
 ('1', '20', 'en_us', 'NO REFUNDS OR RESALE, must provide proof of purchase.', '2016-08-15 05:12:24', '2016-09-14 00:49:03', 'a8dda5d1-d4ab-455d-a766-e47bcbbdbae9'),
 ('2', '21', 'en_us', '$65 (+ processing fee) per person for tournament entry (Early pricing until May 29th)', '2016-08-15 05:12:24', '2016-09-14 00:49:03', '230979a0-7528-42c6-b9f0-01b11cc119e3'),
 ('3', '22', 'en_us', '$75 (+ processing fee) per person for WALK-IN tournament entry (Register early!)', '2016-08-15 05:12:24', '2016-09-14 00:49:03', '99b14ed3-45c2-412a-9dfb-772fba32df05'),
 ('4', '23', 'en_us', 'Registering 3 players will reserve your teams spot for the tournament', '2016-08-15 05:37:11', '2016-09-14 00:49:03', 'c3e15449-6310-4001-9bd7-86f1d424ec5e'),
 ('5', '24', 'en_us', 'There are no additional costs beyond this. Each individual player pays and thats it. The registration covers WIT\'s time, Mad City\'s time, the production team\'s time, and the prize pot. Processing fees on behalf of Eventbrite.com.', '2016-08-15 05:37:11', '2016-09-14 00:49:03', '8b687b6f-d87b-473a-8ad9-ef086d28364a');



DROP TABLE IF EXISTS `craft_matrixcontent_placements`;


--
-- Schema for table `craft_matrixcontent_placements`
--
CREATE TABLE `craft_matrixcontent_placements` (
  `id` int(11) NOT NULL AUTO_INCREMENT,
  `elementId` int(11) NOT NULL,
  `locale` char(12) COLLATE utf8_unicode_ci NOT NULL,
  `field_placement_teamplacement` text COLLATE utf8_unicode_ci,
  `field_placement_teamname` text COLLATE utf8_unicode_ci,
  `field_placement_teamwinnings` text COLLATE utf8_unicode_ci,
  `dateCreated` datetime NOT NULL,
  `dateUpdated` datetime NOT NULL,
  `uid` char(36) COLLATE utf8_unicode_ci NOT NULL DEFAULT '0',
  PRIMARY KEY (`id`),
  UNIQUE KEY `craft_matrixcontent_placements_elementId_locale_unq_idx` (`elementId`,`locale`),
  KEY `craft_matrixcontent_placements_locale_fk` (`locale`)
) ENGINE=InnoDB AUTO_INCREMENT=2 DEFAULT CHARSET=utf8 COLLATE=utf8_unicode_ci;

--
-- Data for table `craft_matrixcontent_placements`
--

INSERT INTO `craft_matrixcontent_placements` (`id`, `elementId`, `locale`, `field_placement_teamplacement`, `field_placement_teamname`, `field_placement_teamwinnings`, `dateCreated`, `dateUpdated`, `uid`) VALUES
 ('1', '32', 'en_us', '1st:', 'Winterfox', '$5000', '2016-08-15 07:26:05', '2016-09-14 00:49:03', '695e8eff-fcc4-4c68-b6b7-d4b967698f8a');



DROP TABLE IF EXISTS `craft_matrixcontent_prizes`;


--
-- Schema for table `craft_matrixcontent_prizes`
--
CREATE TABLE `craft_matrixcontent_prizes` (
  `id` int(11) NOT NULL AUTO_INCREMENT,
  `elementId` int(11) NOT NULL,
  `locale` char(12) COLLATE utf8_unicode_ci NOT NULL,
  `field_prize_prize` text COLLATE utf8_unicode_ci,
  `dateCreated` datetime NOT NULL,
  `dateUpdated` datetime NOT NULL,
  `uid` char(36) COLLATE utf8_unicode_ci NOT NULL DEFAULT '0',
  PRIMARY KEY (`id`),
  UNIQUE KEY `craft_matrixcontent_prizes_elementId_locale_unq_idx` (`elementId`,`locale`),
  KEY `craft_matrixcontent_prizes_locale_fk` (`locale`)
) ENGINE=InnoDB AUTO_INCREMENT=3 DEFAULT CHARSET=utf8 COLLATE=utf8_unicode_ci;

--
-- Data for table `craft_matrixcontent_prizes`
--

INSERT INTO `craft_matrixcontent_prizes` (`id`, `elementId`, `locale`, `field_prize_prize`, `dateCreated`, `dateUpdated`, `uid`) VALUES
 ('1', '30', 'en_us', '1st Cookie', '2016-08-15 06:23:57', '2016-09-14 00:49:03', '9c4c53c5-f48d-4ab5-83bc-ffec6a0ae34b'),
 ('2', '31', 'en_us', '2nd Cake', '2016-08-15 06:23:57', '2016-09-14 00:49:03', '2fc4075c-78d3-4c42-8a48-8e3a35b5af97');



DROP TABLE IF EXISTS `craft_matrixcontent_promotionallinks`;


--
-- Schema for table `craft_matrixcontent_promotionallinks`
--
CREATE TABLE `craft_matrixcontent_promotionallinks` (
  `id` int(11) NOT NULL AUTO_INCREMENT,
  `elementId` int(11) NOT NULL,
  `locale` char(12) COLLATE utf8_unicode_ci NOT NULL,
  `field_promourl_promourl` text COLLATE utf8_unicode_ci,
  `field_promourl_promoname` text COLLATE utf8_unicode_ci,
  `dateCreated` datetime NOT NULL,
  `dateUpdated` datetime NOT NULL,
  `uid` char(36) COLLATE utf8_unicode_ci NOT NULL DEFAULT '0',
  PRIMARY KEY (`id`),
  UNIQUE KEY `craft_matrixcontent_promotionallinks_elementId_locale_unq_idx` (`elementId`,`locale`),
  KEY `craft_matrixcontent_promotionallinks_locale_fk` (`locale`)
) ENGINE=InnoDB AUTO_INCREMENT=5 DEFAULT CHARSET=utf8 COLLATE=utf8_unicode_ci;

--
-- Data for table `craft_matrixcontent_promotionallinks`
--

INSERT INTO `craft_matrixcontent_promotionallinks` (`id`, `elementId`, `locale`, `field_promourl_promourl`, `field_promourl_promoname`, `dateCreated`, `dateUpdated`, `uid`) VALUES
 ('1', '25', 'en_us', 'https://steelseries.com/', 'SteelSeries', '2016-08-15 05:37:11', '2016-09-14 00:49:03', '3ceaea13-13b6-4667-a3b4-6778b54bc76e'),
 ('2', '26', 'en_us', 'http://www.darkmattercoffee.com/', 'Dark Matter Coffee', '2016-08-15 05:37:11', '2016-09-14 00:49:03', 'b6f210b5-e63b-4136-b1a1-9dccb21e12b7'),
 ('3', '27', 'en_us', 'https://www.infiniscene.com/', 'Infiniscene', '2016-08-15 05:37:11', '2016-09-14 00:49:03', '7a96ebb9-0d00-4185-9a64-a19ca1f97120'),
 ('4', '28', 'en_us', 'https://www.facebook.com/WITGames/', 'WIT Gaming', '2016-08-15 05:37:11', '2016-09-14 00:49:03', 'ff3775f4-1910-4d41-bd85-945421def97c');



DROP TABLE IF EXISTS `craft_migrations`;


--
-- Schema for table `craft_migrations`
--
CREATE TABLE `craft_migrations` (
  `id` int(11) NOT NULL AUTO_INCREMENT,
  `pluginId` int(11) DEFAULT NULL,
  `version` varchar(255) COLLATE utf8_unicode_ci NOT NULL,
  `applyTime` datetime NOT NULL,
  `dateCreated` datetime NOT NULL,
  `dateUpdated` datetime NOT NULL,
  `uid` char(36) COLLATE utf8_unicode_ci NOT NULL DEFAULT '0',
  PRIMARY KEY (`id`),
  UNIQUE KEY `craft_migrations_version_unq_idx` (`version`),
  KEY `craft_migrations_pluginId_fk` (`pluginId`)
) ENGINE=InnoDB AUTO_INCREMENT=36 DEFAULT CHARSET=utf8 COLLATE=utf8_unicode_ci;

--
-- Data for table `craft_migrations`
--

INSERT INTO `craft_migrations` (`id`, `pluginId`, `version`, `applyTime`, `dateCreated`, `dateUpdated`, `uid`) VALUES
 ('1', NULL, 'm000000_000000_base', '2016-07-09 03:24:15', '2016-07-09 03:24:15', '2016-07-09 03:24:15', '6c9c6557-f0e9-4d9a-b2fa-ad7f6a5eaa07'),
 ('2', NULL, 'm140730_000001_add_filename_and_format_to_transformindex', '2016-07-09 03:24:15', '2016-07-09 03:24:15', '2016-07-09 03:24:15', 'b471ff97-cd34-4efc-ba7f-457abdb3c451'),
 ('3', NULL, 'm140815_000001_add_format_to_transforms', '2016-07-09 03:24:15', '2016-07-09 03:24:15', '2016-07-09 03:24:15', 'd04336bc-e4ec-4edb-a2a0-d898173fa1cd'),
 ('4', NULL, 'm140822_000001_allow_more_than_128_items_per_field', '2016-07-09 03:24:15', '2016-07-09 03:24:15', '2016-07-09 03:24:15', '7063faec-0d97-4c59-a7ad-63c98ea20f5e'),
 ('5', NULL, 'm140829_000001_single_title_formats', '2016-07-09 03:24:15', '2016-07-09 03:24:15', '2016-07-09 03:24:15', '751382c7-1ffb-4693-8354-01e2b819a2e7'),
 ('6', NULL, 'm140831_000001_extended_cache_keys', '2016-07-09 03:24:15', '2016-07-09 03:24:15', '2016-07-09 03:24:15', '0a3118a4-99dc-4002-b992-b6c40f25fe36'),
 ('7', NULL, 'm140922_000001_delete_orphaned_matrix_blocks', '2016-07-09 03:24:15', '2016-07-09 03:24:15', '2016-07-09 03:24:15', 'bb1c045c-511c-4d61-ae80-5d6f12fd201a'),
 ('8', NULL, 'm141008_000001_elements_index_tune', '2016-07-09 03:24:15', '2016-07-09 03:24:15', '2016-07-09 03:24:15', 'e3be84bd-a4e8-42eb-8764-aced3d90b59d'),
 ('9', NULL, 'm141009_000001_assets_source_handle', '2016-07-09 03:24:15', '2016-07-09 03:24:15', '2016-07-09 03:24:15', '2938f02e-d480-4ea5-9e79-41e3469782a2'),
 ('10', NULL, 'm141024_000001_field_layout_tabs', '2016-07-09 03:24:15', '2016-07-09 03:24:15', '2016-07-09 03:24:15', '99fad254-7ca7-4906-b9dc-a99bba3004d9'),
 ('11', NULL, 'm141030_000000_plugin_schema_versions', '2016-07-09 03:24:15', '2016-07-09 03:24:15', '2016-07-09 03:24:15', '0544cc8f-d701-409c-94eb-3ec012b754c3'),
 ('12', NULL, 'm141030_000001_drop_structure_move_permission', '2016-07-09 03:24:15', '2016-07-09 03:24:15', '2016-07-09 03:24:15', '6eb2760c-19d3-45bb-98af-343dc20124d5'),
 ('13', NULL, 'm141103_000001_tag_titles', '2016-07-09 03:24:15', '2016-07-09 03:24:15', '2016-07-09 03:24:15', '7c60ae0f-335f-4bf6-80d3-263d96613aba'),
 ('14', NULL, 'm141109_000001_user_status_shuffle', '2016-07-09 03:24:15', '2016-07-09 03:24:15', '2016-07-09 03:24:15', 'f1cddfe2-5456-468f-b325-445e1914ace3'),
 ('15', NULL, 'm141126_000001_user_week_start_day', '2016-07-09 03:24:15', '2016-07-09 03:24:15', '2016-07-09 03:24:15', '4e22b06e-3246-4871-af4a-9c12c441c2a8'),
 ('16', NULL, 'm150210_000001_adjust_user_photo_size', '2016-07-09 03:24:15', '2016-07-09 03:24:15', '2016-07-09 03:24:15', 'f581d885-8aea-400f-b71d-c93ee966b22a'),
 ('17', NULL, 'm150724_000001_adjust_quality_settings', '2016-07-09 03:24:15', '2016-07-09 03:24:15', '2016-07-09 03:24:15', 'c51082f9-967b-4bc1-9787-98f61bda5e1e'),
 ('18', NULL, 'm150827_000000_element_index_settings', '2016-07-09 03:24:15', '2016-07-09 03:24:15', '2016-07-09 03:24:15', 'd80518e5-414d-40cb-b7ed-7141591973c7'),
 ('19', NULL, 'm150918_000001_add_colspan_to_widgets', '2016-07-09 03:24:15', '2016-07-09 03:24:15', '2016-07-09 03:24:15', 'd8eb2fcb-4201-4b72-95ec-9bd630a80420'),
 ('20', NULL, 'm151007_000000_clear_asset_caches', '2016-07-09 03:24:15', '2016-07-09 03:24:15', '2016-07-09 03:24:15', '09eb044b-3b1a-4a18-842f-8f93f34dc841'),
 ('21', NULL, 'm151109_000000_text_url_formats', '2016-07-09 03:24:15', '2016-07-09 03:24:15', '2016-07-09 03:24:15', 'bcaa7aa7-3703-4903-ac2e-e2f1dbf505aa'),
 ('22', NULL, 'm151110_000000_move_logo', '2016-07-09 03:24:15', '2016-07-09 03:24:15', '2016-07-09 03:24:15', '1d15d3ba-93c7-4f58-aedb-5b8703b95aae'),
 ('23', NULL, 'm151117_000000_adjust_image_widthheight', '2016-07-09 03:24:15', '2016-07-09 03:24:15', '2016-07-09 03:24:15', 'e887b422-6ee9-4eb3-94fa-2af30ded1eb0'),
 ('24', NULL, 'm151127_000000_clear_license_key_status', '2016-07-09 03:24:15', '2016-07-09 03:24:15', '2016-07-09 03:24:15', '3bfb7af7-afa2-4612-a835-56077566c3e1'),
 ('25', NULL, 'm151127_000000_plugin_license_keys', '2016-07-09 03:24:15', '2016-07-09 03:24:15', '2016-07-09 03:24:15', 'e4adc19f-b0a2-4cb4-a83c-6bbfb71cbef5'),
 ('26', NULL, 'm151130_000000_update_pt_widget_feeds', '2016-07-09 03:24:15', '2016-07-09 03:24:15', '2016-07-09 03:24:15', '161f3dca-7c7e-4cff-85e7-4fba0373a59f'),
 ('27', NULL, 'm160114_000000_asset_sources_public_url_default_true', '2016-07-09 03:24:15', '2016-07-09 03:24:15', '2016-07-09 03:24:15', 'd72939eb-7725-4283-b849-b05eca1cbb41'),
 ('28', NULL, 'm160223_000000_sortorder_to_smallint', '2016-07-09 03:24:15', '2016-07-09 03:24:15', '2016-07-09 03:24:15', '8c045c5e-c625-4170-9074-d8c25d8918eb'),
 ('29', NULL, 'm160229_000000_set_default_entry_statuses', '2016-07-09 03:24:15', '2016-07-09 03:24:15', '2016-07-09 03:24:15', 'bab340a6-d5cf-41c3-a110-ba3e4d90d459'),
 ('30', NULL, 'm160304_000000_client_permissions', '2016-07-09 03:24:15', '2016-07-09 03:24:15', '2016-07-09 03:24:15', '7f7b4ca0-55a7-4b4a-8824-e72101225e41'),
 ('31', NULL, 'm160322_000000_asset_filesize', '2016-07-09 03:24:15', '2016-07-09 03:24:15', '2016-07-09 03:24:15', '87c211b4-8926-4a86-bc28-01b8c9cbeba2'),
 ('32', NULL, 'm160503_000000_orphaned_fieldlayouts', '2016-07-09 03:24:15', '2016-07-09 03:24:15', '2016-07-09 03:24:15', '80617e3e-a259-4153-82a8-2064c7e1ed4b'),
 ('33', NULL, 'm160510_000000_tasksettings', '2016-07-09 03:24:15', '2016-07-09 03:24:15', '2016-07-09 03:24:15', '768d8f52-05dc-4442-92ea-b9aa76204e2f'),
 ('34', NULL, 'm160829_000000_pending_user_content_cleanup', '2016-09-13 03:52:17', '2016-09-13 03:52:17', '2016-09-13 03:52:17', 'c37e3bc4-7efb-436b-aff3-7f9bbebba865'),
 ('35', NULL, 'm160830_000000_asset_index_uri_increase', '2016-09-13 03:52:17', '2016-09-13 03:52:17', '2016-09-13 03:52:17', '51e7e7cc-6902-4139-85ca-ef6a90e9e58f');



DROP TABLE IF EXISTS `craft_plugins`;


--
-- Schema for table `craft_plugins`
--
CREATE TABLE `craft_plugins` (
  `id` int(11) NOT NULL AUTO_INCREMENT,
  `class` varchar(150) COLLATE utf8_unicode_ci NOT NULL,
  `version` varchar(15) COLLATE utf8_unicode_ci NOT NULL,
  `schemaVersion` varchar(15) COLLATE utf8_unicode_ci DEFAULT NULL,
  `licenseKey` char(24) COLLATE utf8_unicode_ci DEFAULT NULL,
  `licenseKeyStatus` enum('valid','invalid','mismatched','unknown') COLLATE utf8_unicode_ci NOT NULL DEFAULT 'unknown',
  `enabled` tinyint(1) unsigned NOT NULL DEFAULT '0',
  `settings` text COLLATE utf8_unicode_ci,
  `installDate` datetime NOT NULL,
  `dateCreated` datetime NOT NULL,
  `dateUpdated` datetime NOT NULL,
  `uid` char(36) COLLATE utf8_unicode_ci NOT NULL DEFAULT '0',
  PRIMARY KEY (`id`)
) ENGINE=InnoDB AUTO_INCREMENT=5 DEFAULT CHARSET=utf8 COLLATE=utf8_unicode_ci;

--
-- Data for table `craft_plugins`
--

INSERT INTO `craft_plugins` (`id`, `class`, `version`, `schemaVersion`, `licenseKey`, `licenseKeyStatus`, `enabled`, `settings`, `installDate`, `dateCreated`, `dateUpdated`, `uid`) VALUES
 ('1', 'ElementApi', '1.2.1', '1.0.0', NULL, 'unknown', '1', NULL, '2016-08-15 06:28:52', '2016-08-15 06:28:52', '2016-09-21 00:33:09', 'cdc91241-61a1-4377-aaf6-ab969b06d957'),
 ('2', 'Sherlock', '1.1.0', '1.0.0', NULL, 'unknown', '0', '{\"liveMode\":\"1\",\"highSecurityLevel\":\"1\",\"logAllEvents\":\"1\",\"headerProtection\":\"1\"}', '2016-08-15 07:55:12', '2016-08-15 07:55:12', '2016-09-13 03:41:53', '4630d5fd-4c90-401e-936e-3defa9777aee'),
 ('3', 'Kint', '1.1.0', '1.0.0', NULL, 'unknown', '0', '{\"kintDisplayTheme\":\"original\"}', '2016-09-13 05:11:53', '2016-09-13 05:11:53', '2016-09-14 01:49:20', '041afb5c-27fd-4802-8404-0efc0f91cc39'),
 ('4', 'TagManager', '0.2.0', NULL, NULL, 'unknown', '1', NULL, '2016-09-14 00:53:18', '2016-09-14 00:53:18', '2016-09-21 00:33:09', '1ef189a2-707b-4b06-9fab-ea25be523b19');



DROP TABLE IF EXISTS `craft_rackspaceaccess`;


--
-- Schema for table `craft_rackspaceaccess`
--
CREATE TABLE `craft_rackspaceaccess` (
  `id` int(11) NOT NULL AUTO_INCREMENT,
  `connectionKey` varchar(255) COLLATE utf8_unicode_ci NOT NULL,
  `token` varchar(255) COLLATE utf8_unicode_ci NOT NULL,
  `storageUrl` varchar(255) COLLATE utf8_unicode_ci NOT NULL,
  `cdnUrl` varchar(255) COLLATE utf8_unicode_ci NOT NULL,
  `dateCreated` datetime NOT NULL,
  `dateUpdated` datetime NOT NULL,
  `uid` char(36) COLLATE utf8_unicode_ci NOT NULL DEFAULT '0',
  PRIMARY KEY (`id`),
  UNIQUE KEY `craft_rackspaceaccess_connectionKey_unq_idx` (`connectionKey`)
) ENGINE=InnoDB DEFAULT CHARSET=utf8 COLLATE=utf8_unicode_ci;

DROP TABLE IF EXISTS `craft_relations`;


--
-- Schema for table `craft_relations`
--
CREATE TABLE `craft_relations` (
  `id` int(11) NOT NULL AUTO_INCREMENT,
  `fieldId` int(11) NOT NULL,
  `sourceId` int(11) NOT NULL,
  `sourceLocale` char(12) COLLATE utf8_unicode_ci DEFAULT NULL,
  `targetId` int(11) NOT NULL,
  `sortOrder` smallint(6) DEFAULT NULL,
  `dateCreated` datetime NOT NULL,
  `dateUpdated` datetime NOT NULL,
  `uid` char(36) COLLATE utf8_unicode_ci NOT NULL DEFAULT '0',
  PRIMARY KEY (`id`),
  UNIQUE KEY `craft_relations_fieldId_sourceId_sourceLocale_targetId_unq_idx` (`fieldId`,`sourceId`,`sourceLocale`,`targetId`),
  KEY `craft_relations_sourceId_fk` (`sourceId`),
  KEY `craft_relations_sourceLocale_fk` (`sourceLocale`),
  KEY `craft_relations_targetId_fk` (`targetId`)
) ENGINE=InnoDB AUTO_INCREMENT=468 DEFAULT CHARSET=utf8 COLLATE=utf8_unicode_ci;

--
-- Data for table `craft_relations`
--

INSERT INTO `craft_relations` (`id`, `fieldId`, `sourceId`, `sourceLocale`, `targetId`, `sortOrder`, `dateCreated`, `dateUpdated`, `uid`) VALUES
 ('447', '3', '3', NULL, '76', '1', '2016-09-14 00:49:03', '2016-09-14 00:49:03', '5df72758-1a1a-4a14-ad97-a4d8497815c4'),
 ('448', '6', '3', NULL, '77', '1', '2016-09-14 00:49:03', '2016-09-14 00:49:03', 'addc538f-e5de-47ad-ba61-b8f9c3707487'),
 ('449', '4', '3', NULL, '78', '1', '2016-09-14 00:49:03', '2016-09-14 00:49:03', '658c3f13-82b1-4989-bd1e-33aea40ff357'),
 ('450', '5', '3', NULL, '13', '1', '2016-09-14 00:49:03', '2016-09-14 00:49:03', 'af4e7c63-a473-46d2-b39b-e6570ceb31be'),
 ('451', '5', '3', NULL, '14', '2', '2016-09-14 00:49:03', '2016-09-14 00:49:03', '84a9dcf6-eba1-4fc6-b1cc-e64a1f5bf119'),
 ('452', '5', '3', NULL, '15', '3', '2016-09-14 00:49:03', '2016-09-14 00:49:03', '1312833c-921c-4e52-ab94-6cb2f043b2bc'),
 ('453', '5', '3', NULL, '16', '4', '2016-09-14 00:49:03', '2016-09-14 00:49:03', 'c019c2bc-65c7-4fc4-9cf0-1bc8925b6912'),
 ('454', '5', '3', NULL, '17', '5', '2016-09-14 00:49:03', '2016-09-14 00:49:03', '736c9f3f-37eb-4618-b908-680759435c9c'),
 ('455', '5', '3', NULL, '18', '6', '2016-09-14 00:49:03', '2016-09-14 00:49:03', 'd4aade6d-fdc9-4ea9-8bcb-d1beea532968'),
 ('456', '5', '3', NULL, '19', '7', '2016-09-14 00:49:03', '2016-09-14 00:49:03', 'cbb7c5e8-38ee-4bce-9ce1-88258985a15f'),
 ('457', '3', '4', NULL, '76', '1', '2016-09-14 00:49:59', '2016-09-14 00:49:59', '65c7cff5-8456-4e08-a023-9935f90f56d5'),
 ('458', '6', '4', NULL, '77', '1', '2016-09-14 00:49:59', '2016-09-14 00:49:59', '24321834-2827-4900-90c5-2216ab0fe423'),
 ('459', '4', '4', NULL, '78', '1', '2016-09-14 00:49:59', '2016-09-14 00:49:59', '8899b129-e3b5-4216-b466-9938199e8e1d'),
 ('460', '3', '8', NULL, '79', '1', '2016-09-14 00:50:19', '2016-09-14 00:50:19', 'ae11aa5e-0e88-4fcf-8d1e-bf31c5e13372'),
 ('461', '6', '8', NULL, '77', '1', '2016-09-14 00:50:19', '2016-09-14 00:50:19', '7dfa72ca-a282-42cf-94e4-cc51757fc4d0'),
 ('462', '4', '8', NULL, '80', '1', '2016-09-14 00:50:19', '2016-09-14 00:50:19', '6d0a3cd2-34fd-40ac-979c-ba90346f6be9'),
 ('463', '3', '73', NULL, '81', '1', '2016-09-14 00:50:40', '2016-09-14 00:50:40', '685ea063-7ca7-491e-8fbe-6dbbef738a7a'),
 ('464', '6', '73', NULL, '82', '1', '2016-09-14 00:50:40', '2016-09-14 00:50:40', 'ec1d9fed-7521-48d7-94d4-8bf249c3eb93'),
 ('465', '4', '73', NULL, '78', '1', '2016-09-14 00:50:40', '2016-09-14 00:50:40', '8adbcda7-7380-450e-afc0-ef2453769cae'),
 ('466', '36', '76', NULL, '74', '1', '2016-09-14 00:54:51', '2016-09-14 00:54:51', '441e20d0-ccf6-4343-a676-73fbb81befa6'),
 ('467', '3', '69', NULL, '76', '1', '2016-09-14 02:08:55', '2016-09-14 02:08:55', 'ee86b262-c3f9-48bb-b73d-fbbb75acc470');



DROP TABLE IF EXISTS `craft_routes`;


--
-- Schema for table `craft_routes`
--
CREATE TABLE `craft_routes` (
  `id` int(11) NOT NULL AUTO_INCREMENT,
  `locale` char(12) COLLATE utf8_unicode_ci DEFAULT NULL,
  `urlParts` varchar(255) COLLATE utf8_unicode_ci NOT NULL,
  `urlPattern` varchar(255) COLLATE utf8_unicode_ci NOT NULL,
  `template` varchar(255) COLLATE utf8_unicode_ci NOT NULL,
  `sortOrder` smallint(6) unsigned DEFAULT NULL,
  `dateCreated` datetime NOT NULL,
  `dateUpdated` datetime NOT NULL,
  `uid` char(36) COLLATE utf8_unicode_ci NOT NULL DEFAULT '0',
  PRIMARY KEY (`id`),
  UNIQUE KEY `craft_routes_urlPattern_unq_idx` (`urlPattern`),
  KEY `craft_routes_locale_idx` (`locale`)
) ENGINE=InnoDB AUTO_INCREMENT=5 DEFAULT CHARSET=utf8 COLLATE=utf8_unicode_ci;

--
-- Data for table `craft_routes`
--

INSERT INTO `craft_routes` (`id`, `locale`, `urlParts`, `urlPattern`, `template`, `sortOrder`, `dateCreated`, `dateUpdated`, `uid`) VALUES
 ('1', NULL, '[\"events\\/\",[\"slug\",\"[^\\\\\\/]+\"]]', 'events\\/(?P<slug>[^\\/]+)', 'events/_entry', '1', '2016-08-15 05:45:59', '2016-09-14 01:05:53', '56e077bf-3f4a-4f6c-b2d0-738553e282fc'),
 ('2', NULL, '[\"events\\/\"]', 'events\\/', 'events/index', '2', '2016-08-15 05:46:11', '2016-09-14 01:05:58', 'c6b7a2db-d60e-4037-956a-924f1fcd9ae5'),
 ('4', NULL, '[\"midwest\\/\"]', 'midwest\\/', 'midwest.html', '3', '2016-09-14 01:54:19', '2016-09-14 01:54:34', 'f19b8506-24be-4d03-a62f-542f878453a3');



DROP TABLE IF EXISTS `craft_searchindex`;


--
-- Schema for table `craft_searchindex`
--
CREATE TABLE `craft_searchindex` (
  `elementId` int(11) NOT NULL,
  `attribute` varchar(25) COLLATE utf8_unicode_ci NOT NULL,
  `fieldId` int(11) NOT NULL,
  `locale` char(12) COLLATE utf8_unicode_ci NOT NULL,
  `keywords` text COLLATE utf8_unicode_ci NOT NULL,
  PRIMARY KEY (`elementId`,`attribute`,`fieldId`,`locale`),
  FULLTEXT KEY `craft_searchindex_keywords_idx` (`keywords`)
) ENGINE=MyISAM DEFAULT CHARSET=utf8 COLLATE=utf8_unicode_ci;

--
-- Data for table `craft_searchindex`
--

INSERT INTO `craft_searchindex` (`elementId`, `attribute`, `fieldId`, `locale`, `keywords`) VALUES
 ('83', 'name', '0', 'en_us', ' northeast '),
 ('82', 'title', '0', 'en_us', ' south '),
 ('82', 'slug', '0', 'en_us', ''),
 ('74', 'filename', '0', 'en_us', ' 184x184 jpg '),
 ('74', 'extension', '0', 'en_us', ' jpg '),
 ('74', 'kind', '0', 'en_us', ' image '),
 ('74', 'slug', '0', 'en_us', ' 184x184 '),
 ('74', 'title', '0', 'en_us', ' 184x184 '),
 ('2', 'slug', '0', 'en_us', ' homepage '),
 ('2', 'title', '0', 'en_us', ' home '),
 ('2', 'field', '1', 'en_us', ' this is content for the homepage '),
 ('82', 'name', '0', 'en_us', ' south '),
 ('81', 'title', '0', 'en_us', ' rtz '),
 ('81', 'slug', '0', 'en_us', ''),
 ('81', 'name', '0', 'en_us', ' rtz '),
 ('3', 'slug', '0', 'en_us', ' mad city lan '),
 ('3', 'title', '0', 'en_us', ' mad city lan '),
 ('3', 'field', '7', 'en_us', ''),
 ('3', 'field', '34', 'en_us', ' $3 600 '),
 ('3', 'field', '3', 'en_us', ' mad city '),
 ('3', 'field', '6', 'en_us', ' midwest '),
 ('3', 'field', '4', 'en_us', ' non byoc '),
 ('3', 'field', '35', 'en_us', ' aurora il '),
 ('3', 'field', '8', 'en_us', ' wit gaming 481 n commons dr unit f aurora illinois '),
 ('3', 'field', '9', 'en_us', ' 41 7605850 88 3200720 '),
 ('3', 'field', '25', 'en_us', ' 2016 01 01 '),
 ('3', 'field', '24', 'en_us', ''),
 ('3', 'field', '10', 'en_us', ' no refunds or resale must provide proof of purchase $65 processing fee per person for tournament entry early pricing until may 29th $75 processing fee per person for walk in tournament entry register early registering 3 players will reserve your teams spot for the tournament there are no additional costs beyond this each individual player pays and thats it the registration covers wit s time mad city s time the production team s time and the prize pot processing fees on behalf of eventbrite com '),
 ('3', 'field', '12', 'en_us', ''),
 ('3', 'field', '14', 'en_us', ' 1st cookie 2nd cake '),
 ('3', 'field', '16', 'en_us', ''),
 ('3', 'field', '5', 'en_us', ' de_dust2 de_cache de_train de_cbble de_mirage de_nuke de_overpass '),
 ('3', 'field', '22', 'en_us', ''),
 ('3', 'field', '18', 'en_us', ' https www twitch tv madcitygg '),
 ('3', 'field', '19', 'en_us', ' steelseries https steelseries com dark matter coffee http www darkmattercoffee com infiniscene https www infiniscene com wit gaming https www facebook com witgames '),
 ('3', 'field', '17', 'en_us', ''),
 ('3', 'field', '26', 'en_us', ' winterfox 1st $5000 '),
 ('3', 'field', '31', 'en_us', ''),
 ('4', 'slug', '0', 'en_us', ' mad city lan 2 '),
 ('4', 'title', '0', 'en_us', ' mad city lan 2 '),
 ('4', 'field', '7', 'en_us', ''),
 ('4', 'field', '34', 'en_us', ''),
 ('4', 'field', '3', 'en_us', ' mad city '),
 ('4', 'field', '6', 'en_us', ' midwest '),
 ('4', 'field', '4', 'en_us', ' non byoc '),
 ('4', 'field', '35', 'en_us', ' auora il '),
 ('4', 'field', '8', 'en_us', ' auora il '),
 ('4', 'field', '9', 'en_us', ''),
 ('4', 'field', '25', 'en_us', ''),
 ('4', 'field', '24', 'en_us', ''),
 ('4', 'field', '10', 'en_us', ''),
 ('4', 'field', '12', 'en_us', ''),
 ('4', 'field', '14', 'en_us', ''),
 ('4', 'field', '16', 'en_us', ''),
 ('4', 'field', '5', 'en_us', ''),
 ('4', 'field', '22', 'en_us', ''),
 ('4', 'field', '18', 'en_us', ''),
 ('4', 'field', '19', 'en_us', ''),
 ('4', 'field', '17', 'en_us', ''),
 ('4', 'field', '26', 'en_us', ''),
 ('4', 'field', '31', 'en_us', ''),
 ('5', 'slug', '0', 'en_us', ' eric boyer '),
 ('5', 'title', '0', 'en_us', ' eric boyer '),
 ('6', 'slug', '0', 'en_us', ' thane woidan '),
 ('6', 'title', '0', 'en_us', ' thane woidan '),
 ('7', 'slug', '0', 'en_us', ' jackson wolf '),
 ('7', 'title', '0', 'en_us', ' jackson wolf '),
 ('8', 'slug', '0', 'en_us', ' midwestlan 2016 reboot '),
 ('8', 'title', '0', 'en_us', ' midwestlan 2016 reboot '),
 ('8', 'field', '7', 'en_us', ''),
 ('8', 'field', '34', 'en_us', ''),
 ('8', 'field', '3', 'en_us', ' mwl '),
 ('8', 'field', '6', 'en_us', ' midwest '),
 ('8', 'field', '4', 'en_us', ' byoc '),
 ('8', 'field', '35', 'en_us', ' madison wi '),
 ('8', 'field', '8', 'en_us', ' madison wi '),
 ('8', 'field', '9', 'en_us', ''),
 ('8', 'field', '25', 'en_us', ''),
 ('8', 'field', '24', 'en_us', ''),
 ('8', 'field', '10', 'en_us', ''),
 ('8', 'field', '12', 'en_us', ''),
 ('8', 'field', '14', 'en_us', ''),
 ('8', 'field', '16', 'en_us', ''),
 ('8', 'field', '5', 'en_us', ''),
 ('8', 'field', '22', 'en_us', ''),
 ('8', 'field', '18', 'en_us', ''),
 ('8', 'field', '19', 'en_us', ''),
 ('8', 'field', '17', 'en_us', ''),
 ('8', 'field', '26', 'en_us', ''),
 ('8', 'field', '31', 'en_us', ''),
 ('73', 'slug', '0', 'en_us', ' rtz csgo 5v5 lan '),
 ('73', 'title', '0', 'en_us', ' rtz cs go 5v5 lan '),
 ('73', 'field', '7', 'en_us', ''),
 ('73', 'field', '34', 'en_us', ''),
 ('73', 'field', '3', 'en_us', ' rtz '),
 ('73', 'field', '6', 'en_us', ' south '),
 ('73', 'field', '4', 'en_us', ' non byoc '),
 ('73', 'field', '35', 'en_us', ' oklahoma city ok '),
 ('73', 'field', '8', 'en_us', ' oklahoma city ok '),
 ('73', 'field', '9', 'en_us', '');
INSERT INTO `craft_searchindex` (`elementId`, `attribute`, `fieldId`, `locale`, `keywords`) VALUES
 ('73', 'field', '25', 'en_us', ''),
 ('73', 'field', '24', 'en_us', ''),
 ('73', 'field', '10', 'en_us', ''),
 ('73', 'field', '12', 'en_us', ''),
 ('73', 'field', '14', 'en_us', ''),
 ('73', 'field', '16', 'en_us', ''),
 ('73', 'field', '5', 'en_us', ''),
 ('73', 'field', '22', 'en_us', ''),
 ('73', 'field', '18', 'en_us', ''),
 ('73', 'field', '19', 'en_us', ''),
 ('73', 'field', '17', 'en_us', ''),
 ('73', 'field', '26', 'en_us', ''),
 ('73', 'field', '31', 'en_us', ''),
 ('69', 'slug', '0', 'en_us', ''),
 ('69', 'field', '33', 'en_us', ' 1 '),
 ('69', 'field', '32', 'en_us', ' twitch '),
 ('69', 'field', '3', 'en_us', ' mad city '),
 ('69', 'field', '18', 'en_us', ' https twitch tv madcitygg '),
 ('20', 'slug', '0', 'en_us', ''),
 ('20', 'field', '11', 'en_us', ' no refunds or resale must provide proof of purchase '),
 ('21', 'slug', '0', 'en_us', ''),
 ('21', 'field', '11', 'en_us', ' $65 processing fee per person for tournament entry early pricing until may 29th '),
 ('22', 'slug', '0', 'en_us', ''),
 ('22', 'field', '11', 'en_us', ' $75 processing fee per person for walk in tournament entry register early '),
 ('23', 'slug', '0', 'en_us', ''),
 ('23', 'field', '11', 'en_us', ' registering 3 players will reserve your teams spot for the tournament '),
 ('24', 'slug', '0', 'en_us', ''),
 ('24', 'field', '11', 'en_us', ' there are no additional costs beyond this each individual player pays and thats it the registration covers wit s time mad city s time the production team s time and the prize pot processing fees on behalf of eventbrite com '),
 ('25', 'slug', '0', 'en_us', ''),
 ('25', 'field', '20', 'en_us', ' https steelseries com '),
 ('25', 'field', '21', 'en_us', ' steelseries '),
 ('26', 'slug', '0', 'en_us', ''),
 ('26', 'field', '20', 'en_us', ' http www darkmattercoffee com '),
 ('26', 'field', '21', 'en_us', ' dark matter coffee '),
 ('27', 'slug', '0', 'en_us', ''),
 ('27', 'field', '20', 'en_us', ' https www infiniscene com '),
 ('27', 'field', '21', 'en_us', ' infiniscene '),
 ('28', 'slug', '0', 'en_us', ''),
 ('28', 'field', '20', 'en_us', ' https www facebook com witgames '),
 ('28', 'field', '21', 'en_us', ' wit gaming '),
 ('29', 'slug', '0', 'en_us', ''),
 ('29', 'field', '23', 'en_us', ''),
 ('30', 'slug', '0', 'en_us', ''),
 ('30', 'field', '15', 'en_us', ' 1st cookie '),
 ('31', 'slug', '0', 'en_us', ''),
 ('31', 'field', '15', 'en_us', ' 2nd cake '),
 ('32', 'slug', '0', 'en_us', ''),
 ('32', 'field', '27', 'en_us', ' 1st '),
 ('32', 'field', '28', 'en_us', ' winterfox '),
 ('32', 'field', '29', 'en_us', ' $5000 '),
 ('32', 'field', '30', 'en_us', ''),
 ('78', 'title', '0', 'en_us', ' non byoc '),
 ('78', 'slug', '0', 'en_us', ''),
 ('78', 'name', '0', 'en_us', ' non byoc '),
 ('77', 'title', '0', 'en_us', ' midwest '),
 ('77', 'slug', '0', 'en_us', ' midwest '),
 ('76', 'slug', '0', 'en_us', ' mad city '),
 ('76', 'title', '0', 'en_us', ' mad city '),
 ('77', 'name', '0', 'en_us', ' midwest '),
 ('79', 'title', '0', 'en_us', ' mwl '),
 ('79', 'slug', '0', 'en_us', ''),
 ('79', 'name', '0', 'en_us', ' mwl '),
 ('13', 'name', '0', 'en_us', ' de_dust2 '),
 ('13', 'slug', '0', 'en_us', ' de dust2 '),
 ('13', 'title', '0', 'en_us', ' de_dust2 '),
 ('14', 'name', '0', 'en_us', ' de_cache '),
 ('14', 'slug', '0', 'en_us', ' de cache '),
 ('14', 'title', '0', 'en_us', ' de_cache '),
 ('15', 'name', '0', 'en_us', ' de_train '),
 ('15', 'slug', '0', 'en_us', ' de train '),
 ('15', 'title', '0', 'en_us', ' de_train '),
 ('16', 'name', '0', 'en_us', ' de_cbble '),
 ('16', 'slug', '0', 'en_us', ' de cbble '),
 ('16', 'title', '0', 'en_us', ' de_cbble '),
 ('17', 'name', '0', 'en_us', ' de_mirage '),
 ('17', 'slug', '0', 'en_us', ' de mirage '),
 ('17', 'title', '0', 'en_us', ' de_mirage '),
 ('18', 'name', '0', 'en_us', ' de_nuke '),
 ('18', 'slug', '0', 'en_us', ' de nuke '),
 ('18', 'title', '0', 'en_us', ' de_nuke '),
 ('19', 'name', '0', 'en_us', ' de_overpass '),
 ('19', 'slug', '0', 'en_us', ' de overpass '),
 ('19', 'title', '0', 'en_us', ' de_overpass '),
 ('80', 'title', '0', 'en_us', ' byoc '),
 ('80', 'slug', '0', 'en_us', ''),
 ('80', 'name', '0', 'en_us', ' byoc '),
 ('76', 'name', '0', 'en_us', ' mad city '),
 ('1', 'username', '0', 'en_us', ' madcitygg '),
 ('1', 'firstname', '0', 'en_us', ' mad '),
 ('1', 'lastname', '0', 'en_us', ' city '),
 ('1', 'fullname', '0', 'en_us', ' mad city '),
 ('1', 'email', '0', 'en_us', ' eric madcity gg '),
 ('1', 'slug', '0', 'en_us', ''),
 ('75', 'filename', '0', 'en_us', ' 184x184 jpg '),
 ('75', 'extension', '0', 'en_us', ' jpg '),
 ('75', 'kind', '0', 'en_us', ' image '),
 ('75', 'slug', '0', 'en_us', ' 184x184 '),
 ('75', 'title', '0', 'en_us', ' 184x184 '),
 ('83', 'slug', '0', 'en_us', ''),
 ('83', 'title', '0', 'en_us', ' northeast ');
INSERT INTO `craft_searchindex` (`elementId`, `attribute`, `fieldId`, `locale`, `keywords`) VALUES
 ('84', 'name', '0', 'en_us', ' west '),
 ('84', 'slug', '0', 'en_us', ''),
 ('84', 'title', '0', 'en_us', ' west '),
 ('85', 'name', '0', 'en_us', ' online '),
 ('85', 'slug', '0', 'en_us', ''),
 ('85', 'title', '0', 'en_us', ' online '),
 ('76', 'field', '36', 'en_us', ' 184x184 ');



DROP TABLE IF EXISTS `craft_sections`;


--
-- Schema for table `craft_sections`
--
CREATE TABLE `craft_sections` (
  `id` int(11) NOT NULL AUTO_INCREMENT,
  `structureId` int(11) DEFAULT NULL,
  `name` varchar(255) COLLATE utf8_unicode_ci NOT NULL,
  `handle` varchar(255) COLLATE utf8_unicode_ci NOT NULL,
  `type` enum('single','channel','structure') COLLATE utf8_unicode_ci NOT NULL DEFAULT 'channel',
  `hasUrls` tinyint(1) unsigned NOT NULL DEFAULT '1',
  `template` varchar(500) COLLATE utf8_unicode_ci DEFAULT NULL,
  `enableVersioning` tinyint(1) unsigned NOT NULL DEFAULT '0',
  `dateCreated` datetime NOT NULL,
  `dateUpdated` datetime NOT NULL,
  `uid` char(36) COLLATE utf8_unicode_ci NOT NULL DEFAULT '0',
  PRIMARY KEY (`id`),
  UNIQUE KEY `craft_sections_name_unq_idx` (`name`),
  UNIQUE KEY `craft_sections_handle_unq_idx` (`handle`),
  KEY `craft_sections_structureId_fk` (`structureId`)
) ENGINE=InnoDB AUTO_INCREMENT=4 DEFAULT CHARSET=utf8 COLLATE=utf8_unicode_ci;

--
-- Data for table `craft_sections`
--

INSERT INTO `craft_sections` (`id`, `structureId`, `name`, `handle`, `type`, `hasUrls`, `template`, `enableVersioning`, `dateCreated`, `dateUpdated`, `uid`) VALUES
 ('1', NULL, 'Homepage', 'homepage', 'single', '1', 'index', '1', '2016-07-09 03:24:17', '2016-07-09 03:24:17', '1f5ee5a7-82a2-4423-8854-c8dd479650a2'),
 ('2', NULL, 'Events', 'events', 'channel', '1', 'events/_entry', '1', '2016-08-15 04:42:55', '2016-08-15 04:42:55', '567a0b3a-10eb-46a4-9249-e2886658537b'),
 ('3', '1', 'Team', 'team', 'structure', '0', NULL, '1', '2016-08-15 04:50:23', '2016-08-15 05:52:20', 'c7af2840-fff4-43c9-b440-ba4df5a5f708');



DROP TABLE IF EXISTS `craft_sections_i18n`;


--
-- Schema for table `craft_sections_i18n`
--
CREATE TABLE `craft_sections_i18n` (
  `id` int(11) NOT NULL AUTO_INCREMENT,
  `sectionId` int(11) NOT NULL,
  `locale` char(12) COLLATE utf8_unicode_ci NOT NULL,
  `enabledByDefault` tinyint(1) unsigned NOT NULL DEFAULT '1',
  `urlFormat` text COLLATE utf8_unicode_ci,
  `nestedUrlFormat` text COLLATE utf8_unicode_ci,
  `dateCreated` datetime NOT NULL,
  `dateUpdated` datetime NOT NULL,
  `uid` char(36) COLLATE utf8_unicode_ci NOT NULL DEFAULT '0',
  PRIMARY KEY (`id`),
  UNIQUE KEY `craft_sections_i18n_sectionId_locale_unq_idx` (`sectionId`,`locale`),
  KEY `craft_sections_i18n_locale_fk` (`locale`)
) ENGINE=InnoDB AUTO_INCREMENT=4 DEFAULT CHARSET=utf8 COLLATE=utf8_unicode_ci;

--
-- Data for table `craft_sections_i18n`
--

INSERT INTO `craft_sections_i18n` (`id`, `sectionId`, `locale`, `enabledByDefault`, `urlFormat`, `nestedUrlFormat`, `dateCreated`, `dateUpdated`, `uid`) VALUES
 ('1', '1', 'en_us', '1', '__home__', NULL, '2016-07-09 03:24:17', '2016-07-09 03:24:17', '25c601eb-12c0-4f7b-817b-513414c808c1'),
 ('2', '2', 'en_us', '1', 'events/{slug}', NULL, '2016-08-15 04:42:55', '2016-08-15 04:42:55', '65c03a19-fcad-4156-8e49-4e3b8ef5e9a4'),
 ('3', '3', 'en_us', '1', NULL, NULL, '2016-08-15 04:50:23', '2016-08-15 05:52:20', 'ee6fe5a6-2a7c-4b6f-bb3f-edd8c9b3a0c2');



DROP TABLE IF EXISTS `craft_sessions`;


--
-- Schema for table `craft_sessions`
--
CREATE TABLE `craft_sessions` (
  `id` int(11) NOT NULL AUTO_INCREMENT,
  `userId` int(11) NOT NULL,
  `token` char(100) COLLATE utf8_unicode_ci NOT NULL,
  `dateCreated` datetime NOT NULL,
  `dateUpdated` datetime NOT NULL,
  `uid` char(36) COLLATE utf8_unicode_ci NOT NULL DEFAULT '0',
  PRIMARY KEY (`id`),
  KEY `craft_sessions_uid_idx` (`uid`),
  KEY `craft_sessions_token_idx` (`token`),
  KEY `craft_sessions_dateUpdated_idx` (`dateUpdated`),
  KEY `craft_sessions_userId_fk` (`userId`)
) ENGINE=InnoDB AUTO_INCREMENT=8 DEFAULT CHARSET=utf8 COLLATE=utf8_unicode_ci;

DROP TABLE IF EXISTS `craft_sherlock`;


--
-- Schema for table `craft_sherlock`
--
CREATE TABLE `craft_sherlock` (
  `id` int(11) NOT NULL AUTO_INCREMENT,
  `highSecurityLevel` tinyint(1) unsigned NOT NULL DEFAULT '0',
  `pass` tinyint(1) unsigned NOT NULL DEFAULT '0',
  `warning` tinyint(1) unsigned NOT NULL DEFAULT '0',
  `results` text COLLATE utf8_unicode_ci,
  `dateCreated` datetime NOT NULL,
  `dateUpdated` datetime NOT NULL,
  `uid` char(36) COLLATE utf8_unicode_ci NOT NULL DEFAULT '0',
  PRIMARY KEY (`id`)
) ENGINE=InnoDB AUTO_INCREMENT=7 DEFAULT CHARSET=utf8 COLLATE=utf8_unicode_ci;

--
-- Data for table `craft_sherlock`
--

INSERT INTO `craft_sherlock` (`id`, `highSecurityLevel`, `pass`, `warning`, `results`, `dateCreated`, `dateUpdated`, `uid`) VALUES
 ('1', '1', '0', '1', '{\"fail\":{\"httpsControlPanel\":{\"value\":\"\"},\"httpsFrontEnd\":{\"value\":\"\"},\"craftFoldersAboveWebRoot\":{\"value\":\"\"},\"phpVersion\":{\"value\":\"5.5.34 (until 2016-07-10)\"},\"enableCsrfProtection\":{\"value\":\"\"}},\"warning\":{\"cpTrigger\":{\"value\":\"\"}},\"pass\":{\"cors\":{\"value\":\"\"},\"xFrameOptions\":{\"value\":\"\\\"SAMEORIGIN\\\"\"},\"xContentTypeOptions\":{\"value\":\"\\\"nosniff\\\"\"},\"xXssProtection\":{\"value\":\"\\\"1; mode=block\\\"\"},\"strictTransportSecurity\":{\"value\":\"\"},\"purifyHtml\":{\"value\":\"\"},\"craftFolderPermissions\":{\"value\":\"\"},\"craftFilePermissions\":{\"value\":\"\"},\"craftUpdated\":{\"value\":\"\"},\"requireEmailVerification\":{\"value\":\"\"},\"allowPublicRegistration\":{\"value\":\"\"},\"devMode\":{\"value\":\"\"},\"translationDebugOutput\":{\"value\":\"\"},\"defaultFilePermissions\":{\"value\":\"0664\"},\"defaultFolderPermissions\":{\"value\":\"0775\"},\"defaultTokenDuration\":{\"value\":\"P1D\"},\"useSecureCookies\":{\"value\":\"\"},\"validationKey\":{\"value\":\"\"},\"blowfishHashCost\":{\"value\":\"13\"},\"cooldownDuration\":{\"value\":\"PT5M\"},\"invalidLoginWindowDuration\":{\"value\":\"PT1H\"},\"maxInvalidLogins\":{\"value\":\"5\"},\"rememberedUserSessionDuration\":{\"value\":\"P2W\"},\"requireMatchingUserAgentForSession\":{\"value\":\"\"},\"requireUserAgentAndIpForSession\":{\"value\":\"\"},\"testToEmailAddress\":{\"value\":\"\"},\"userSessionDuration\":{\"value\":\"PT1H\"},\"verificationCodeDuration\":{\"value\":\"P1D\"}}}', '2016-08-15 07:55:24', '2016-08-15 07:55:24', '7f1b7c86-ca97-4dfe-b65a-69bdfebcba32'),
 ('2', '1', '0', '1', '{\"fail\":{\"httpsControlPanel\":{\"value\":\"\"},\"httpsFrontEnd\":{\"value\":\"\"},\"craftFoldersAboveWebRoot\":{\"value\":\"\"},\"phpVersion\":{\"value\":\"5.5.34 (until 2016-07-10)\"},\"enableCsrfProtection\":{\"value\":\"\"}},\"warning\":{\"cpTrigger\":{\"value\":\"\"}},\"pass\":{\"cors\":{\"value\":\"\"},\"xFrameOptions\":{\"value\":\"\\\"SAMEORIGIN\\\"\"},\"xContentTypeOptions\":{\"value\":\"\\\"nosniff\\\"\"},\"xXssProtection\":{\"value\":\"\\\"1; mode=block\\\"\"},\"strictTransportSecurity\":{\"value\":\"\"},\"purifyHtml\":{\"value\":\"\"},\"craftFolderPermissions\":{\"value\":\"\"},\"craftFilePermissions\":{\"value\":\"\"},\"craftUpdated\":{\"value\":\"\"},\"requireEmailVerification\":{\"value\":\"\"},\"allowPublicRegistration\":{\"value\":\"\"},\"devMode\":{\"value\":\"\"},\"translationDebugOutput\":{\"value\":\"\"},\"defaultFilePermissions\":{\"value\":\"0664\"},\"defaultFolderPermissions\":{\"value\":\"0775\"},\"defaultTokenDuration\":{\"value\":\"P1D\"},\"useSecureCookies\":{\"value\":\"\"},\"validationKey\":{\"value\":\"\"},\"blowfishHashCost\":{\"value\":\"13\"},\"cooldownDuration\":{\"value\":\"PT5M\"},\"invalidLoginWindowDuration\":{\"value\":\"PT1H\"},\"maxInvalidLogins\":{\"value\":\"5\"},\"rememberedUserSessionDuration\":{\"value\":\"P2W\"},\"requireMatchingUserAgentForSession\":{\"value\":\"\"},\"requireUserAgentAndIpForSession\":{\"value\":\"\"},\"testToEmailAddress\":{\"value\":\"\"},\"userSessionDuration\":{\"value\":\"PT1H\"},\"verificationCodeDuration\":{\"value\":\"P1D\"}}}', '2016-08-15 07:55:29', '2016-08-15 07:55:29', '70712aaa-782f-4ebf-b9fb-8bfbb1ba94fa'),
 ('3', '1', '0', '1', '{\"fail\":{\"httpsControlPanel\":{\"value\":\"\"},\"httpsFrontEnd\":{\"value\":\"\"},\"xFrameOptions\":{\"value\":\"\"},\"xContentTypeOptions\":{\"value\":\"\"},\"xXssProtection\":{\"value\":\"\"},\"craftFoldersAboveWebRoot\":{\"value\":\"\"},\"enableCsrfProtection\":{\"value\":\"\"}},\"warning\":{\"cpTrigger\":{\"value\":\"\"}},\"pass\":{\"cors\":{\"value\":\"\"},\"strictTransportSecurity\":{\"value\":\"\"},\"purifyHtml\":{\"value\":\"\"},\"craftFolderPermissions\":{\"value\":\"\"},\"craftFilePermissions\":{\"value\":\"\"},\"phpVersion\":{\"value\":\"7.0.9 (until 2018-12-03)\"},\"craftUpdated\":{\"value\":\"\"},\"requireEmailVerification\":{\"value\":\"\"},\"allowPublicRegistration\":{\"value\":\"\"},\"devMode\":{\"value\":\"\"},\"translationDebugOutput\":{\"value\":\"\"},\"defaultFilePermissions\":{\"value\":\"0664\"},\"defaultFolderPermissions\":{\"value\":\"0775\"},\"defaultTokenDuration\":{\"value\":\"P1D\"},\"useSecureCookies\":{\"value\":\"\"},\"validationKey\":{\"value\":\"\"},\"blowfishHashCost\":{\"value\":\"13\"},\"cooldownDuration\":{\"value\":\"PT5M\"},\"invalidLoginWindowDuration\":{\"value\":\"PT1H\"},\"maxInvalidLogins\":{\"value\":\"5\"},\"rememberedUserSessionDuration\":{\"value\":\"P2W\"},\"requireMatchingUserAgentForSession\":{\"value\":\"\"},\"requireUserAgentAndIpForSession\":{\"value\":\"\"},\"testToEmailAddress\":{\"value\":\"\"},\"userSessionDuration\":{\"value\":\"PT1H\"},\"verificationCodeDuration\":{\"value\":\"P1D\"}}}', '2016-08-15 08:52:35', '2016-08-15 08:52:35', 'd5836847-13c1-4801-914a-81df67b7a126'),
 ('4', '1', '0', '1', '{\"fail\":{\"httpsControlPanel\":{\"value\":\"\"},\"httpsFrontEnd\":{\"value\":\"\"},\"xFrameOptions\":{\"value\":\"\"},\"xContentTypeOptions\":{\"value\":\"\"},\"xXssProtection\":{\"value\":\"\"},\"enableCsrfProtection\":{\"value\":\"\"}},\"warning\":{\"cpTrigger\":{\"value\":\"\"}},\"pass\":{\"cors\":{\"value\":\"\"},\"strictTransportSecurity\":{\"value\":\"\"},\"purifyHtml\":{\"value\":\"\"},\"craftFoldersAboveWebRoot\":{\"value\":\"\"},\"craftFolderPermissions\":{\"value\":\"\"},\"craftFilePermissions\":{\"value\":\"\"},\"phpVersion\":{\"value\":\"7.0.9 (until 2018-12-03)\"},\"craftUpdated\":{\"value\":\"\"},\"requireEmailVerification\":{\"value\":\"\"},\"allowPublicRegistration\":{\"value\":\"\"},\"devMode\":{\"value\":\"\"},\"translationDebugOutput\":{\"value\":\"\"},\"defaultFilePermissions\":{\"value\":\"0664\"},\"defaultFolderPermissions\":{\"value\":\"0775\"},\"defaultTokenDuration\":{\"value\":\"P1D\"},\"useSecureCookies\":{\"value\":\"\"},\"validationKey\":{\"value\":\"\"},\"blowfishHashCost\":{\"value\":\"13\"},\"cooldownDuration\":{\"value\":\"PT5M\"},\"invalidLoginWindowDuration\":{\"value\":\"PT1H\"},\"maxInvalidLogins\":{\"value\":\"5\"},\"rememberedUserSessionDuration\":{\"value\":\"P2W\"},\"requireMatchingUserAgentForSession\":{\"value\":\"\"},\"requireUserAgentAndIpForSession\":{\"value\":\"\"},\"testToEmailAddress\":{\"value\":\"\"},\"userSessionDuration\":{\"value\":\"PT1H\"},\"verificationCodeDuration\":{\"value\":\"P1D\"}}}', '2016-08-15 09:03:23', '2016-08-15 09:03:23', '0ae36e94-6ff5-42d4-83b0-98419a4c8a88'),
 ('5', '1', '0', '1', '{\"fail\":{\"httpsControlPanel\":{\"value\":\"\"},\"httpsFrontEnd\":{\"value\":\"\"},\"xFrameOptions\":{\"value\":\"\"},\"xContentTypeOptions\":{\"value\":\"\"},\"xXssProtection\":{\"value\":\"\"},\"enableCsrfProtection\":{\"value\":\"\"}},\"warning\":{\"cpTrigger\":{\"value\":\"\"}},\"pass\":{\"cors\":{\"value\":\"\"},\"strictTransportSecurity\":{\"value\":\"\"},\"purifyHtml\":{\"value\":\"\"},\"craftFoldersAboveWebRoot\":{\"value\":\"\"},\"craftFolderPermissions\":{\"value\":\"\"},\"craftFilePermissions\":{\"value\":\"\"},\"phpVersion\":{\"value\":\"7.0.9 (until 2018-12-03)\"},\"craftUpdated\":{\"value\":\"\"},\"requireEmailVerification\":{\"value\":\"\"},\"allowPublicRegistration\":{\"value\":\"\"},\"devMode\":{\"value\":\"\"},\"translationDebugOutput\":{\"value\":\"\"},\"defaultFilePermissions\":{\"value\":\"0664\"},\"defaultFolderPermissions\":{\"value\":\"0775\"},\"defaultTokenDuration\":{\"value\":\"P1D\"},\"useSecureCookies\":{\"value\":\"\"},\"validationKey\":{\"value\":\"\"},\"blowfishHashCost\":{\"value\":\"13\"},\"cooldownDuration\":{\"value\":\"PT5M\"},\"invalidLoginWindowDuration\":{\"value\":\"PT1H\"},\"maxInvalidLogins\":{\"value\":\"5\"},\"rememberedUserSessionDuration\":{\"value\":\"P2W\"},\"requireMatchingUserAgentForSession\":{\"value\":\"\"},\"requireUserAgentAndIpForSession\":{\"value\":\"\"},\"testToEmailAddress\":{\"value\":\"\"},\"userSessionDuration\":{\"value\":\"PT1H\"},\"verificationCodeDuration\":{\"value\":\"P1D\"}}}', '2016-08-15 09:31:47', '2016-08-15 09:31:47', '31918566-4c03-4027-879e-c4773c1f94fd'),
 ('6', '1', '0', '1', '{\"fail\":{\"httpsControlPanel\":{\"value\":\"\"},\"httpsFrontEnd\":{\"value\":\"\"},\"xFrameOptions\":{\"value\":\"\"},\"xContentTypeOptions\":{\"value\":\"\"},\"xXssProtection\":{\"value\":\"\"},\"enableCsrfProtection\":{\"value\":\"\"}},\"warning\":{\"cpTrigger\":{\"value\":\"\"}},\"pass\":{\"cors\":{\"value\":\"\"},\"strictTransportSecurity\":{\"value\":\"\"},\"purifyHtml\":{\"value\":\"\"},\"craftFoldersAboveWebRoot\":{\"value\":\"\"},\"craftFolderPermissions\":{\"value\":\"\"},\"craftFilePermissions\":{\"value\":\"\"},\"phpVersion\":{\"value\":\"7.0.9 (until 2018-12-03)\"},\"craftUpdated\":{\"value\":\"\"},\"requireEmailVerification\":{\"value\":\"\"},\"allowPublicRegistration\":{\"value\":\"\"},\"devMode\":{\"value\":\"\"},\"translationDebugOutput\":{\"value\":\"\"},\"defaultFilePermissions\":{\"value\":\"0664\"},\"defaultFolderPermissions\":{\"value\":\"0775\"},\"defaultTokenDuration\":{\"value\":\"P1D\"},\"useSecureCookies\":{\"value\":\"\"},\"validationKey\":{\"value\":\"\"},\"blowfishHashCost\":{\"value\":\"13\"},\"cooldownDuration\":{\"value\":\"PT5M\"},\"invalidLoginWindowDuration\":{\"value\":\"PT1H\"},\"maxInvalidLogins\":{\"value\":\"5\"},\"rememberedUserSessionDuration\":{\"value\":\"P2W\"},\"requireMatchingUserAgentForSession\":{\"value\":\"\"},\"requireUserAgentAndIpForSession\":{\"value\":\"\"},\"testToEmailAddress\":{\"value\":\"\"},\"userSessionDuration\":{\"value\":\"PT1H\"},\"verificationCodeDuration\":{\"value\":\"P1D\"}}}', '2016-08-15 09:31:57', '2016-08-15 09:31:57', '3ac044d4-d768-4051-8c39-509a5d3de760');



DROP TABLE IF EXISTS `craft_shunnedmessages`;


--
-- Schema for table `craft_shunnedmessages`
--
CREATE TABLE `craft_shunnedmessages` (
  `id` int(11) NOT NULL AUTO_INCREMENT,
  `userId` int(11) NOT NULL,
  `message` varchar(255) COLLATE utf8_unicode_ci NOT NULL,
  `expiryDate` datetime DEFAULT NULL,
  `dateCreated` datetime NOT NULL,
  `dateUpdated` datetime NOT NULL,
  `uid` char(36) COLLATE utf8_unicode_ci NOT NULL DEFAULT '0',
  PRIMARY KEY (`id`),
  UNIQUE KEY `craft_shunnedmessages_userId_message_unq_idx` (`userId`,`message`)
) ENGINE=InnoDB DEFAULT CHARSET=utf8 COLLATE=utf8_unicode_ci;

DROP TABLE IF EXISTS `craft_structureelements`;


--
-- Schema for table `craft_structureelements`
--
CREATE TABLE `craft_structureelements` (
  `id` int(11) NOT NULL AUTO_INCREMENT,
  `structureId` int(11) NOT NULL,
  `elementId` int(11) DEFAULT NULL,
  `root` int(11) unsigned DEFAULT NULL,
  `lft` int(11) unsigned NOT NULL,
  `rgt` int(11) unsigned NOT NULL,
  `level` smallint(6) unsigned NOT NULL,
  `dateCreated` datetime NOT NULL,
  `dateUpdated` datetime NOT NULL,
  `uid` char(36) COLLATE utf8_unicode_ci NOT NULL DEFAULT '0',
  PRIMARY KEY (`id`),
  UNIQUE KEY `craft_structureelements_structureId_elementId_unq_idx` (`structureId`,`elementId`),
  KEY `craft_structureelements_root_idx` (`root`),
  KEY `craft_structureelements_lft_idx` (`lft`),
  KEY `craft_structureelements_rgt_idx` (`rgt`),
  KEY `craft_structureelements_level_idx` (`level`),
  KEY `craft_structureelements_elementId_fk` (`elementId`)
) ENGINE=InnoDB AUTO_INCREMENT=5 DEFAULT CHARSET=utf8 COLLATE=utf8_unicode_ci;

--
-- Data for table `craft_structureelements`
--

INSERT INTO `craft_structureelements` (`id`, `structureId`, `elementId`, `root`, `lft`, `rgt`, `level`, `dateCreated`, `dateUpdated`, `uid`) VALUES
 ('1', '1', NULL, '1', '1', '8', '0', '2016-08-15 04:50:34', '2016-08-15 04:50:34', '2ab2df8c-18f4-40f1-8afc-985eafb04e8b'),
 ('2', '1', '5', '1', '2', '3', '1', '2016-08-15 04:50:34', '2016-08-15 04:50:34', '632ac3a7-4bda-4a5e-bcdc-c4330e0b271b'),
 ('3', '1', '6', '1', '4', '5', '1', '2016-08-15 04:50:40', '2016-08-15 04:50:40', '2d017f4c-cce2-40f6-bd11-5b2c4490ab54'),
 ('4', '1', '7', '1', '6', '7', '1', '2016-08-15 04:50:52', '2016-08-15 04:50:52', 'a007479e-eb35-4511-ac47-e9b35c1d4945');



DROP TABLE IF EXISTS `craft_structures`;


--
-- Schema for table `craft_structures`
--
CREATE TABLE `craft_structures` (
  `id` int(11) NOT NULL AUTO_INCREMENT,
  `maxLevels` smallint(6) unsigned DEFAULT NULL,
  `dateCreated` datetime NOT NULL,
  `dateUpdated` datetime NOT NULL,
  `uid` char(36) COLLATE utf8_unicode_ci NOT NULL DEFAULT '0',
  PRIMARY KEY (`id`)
) ENGINE=InnoDB AUTO_INCREMENT=2 DEFAULT CHARSET=utf8 COLLATE=utf8_unicode_ci;

--
-- Data for table `craft_structures`
--

INSERT INTO `craft_structures` (`id`, `maxLevels`, `dateCreated`, `dateUpdated`, `uid`) VALUES
 ('1', '1', '2016-08-15 04:50:23', '2016-08-15 05:52:20', '259acf04-6ad9-467e-94f3-fb15f31ca9f5');



DROP TABLE IF EXISTS `craft_systemsettings`;


--
-- Schema for table `craft_systemsettings`
--
CREATE TABLE `craft_systemsettings` (
  `id` int(11) NOT NULL AUTO_INCREMENT,
  `category` varchar(15) COLLATE utf8_unicode_ci NOT NULL,
  `settings` text COLLATE utf8_unicode_ci,
  `dateCreated` datetime NOT NULL,
  `dateUpdated` datetime NOT NULL,
  `uid` char(36) COLLATE utf8_unicode_ci NOT NULL DEFAULT '0',
  PRIMARY KEY (`id`),
  UNIQUE KEY `craft_systemsettings_category_unq_idx` (`category`)
) ENGINE=InnoDB AUTO_INCREMENT=2 DEFAULT CHARSET=utf8 COLLATE=utf8_unicode_ci;

--
-- Data for table `craft_systemsettings`
--

INSERT INTO `craft_systemsettings` (`id`, `category`, `settings`, `dateCreated`, `dateUpdated`, `uid`) VALUES
 ('1', 'email', '{\"protocol\":\"php\",\"emailAddress\":\"eboyer@gmail.com\",\"senderName\":\"Craft\"}', '2016-07-09 03:24:17', '2016-07-09 03:24:17', 'dd1e7e66-dddb-456a-a08c-379a8ffc9eff');



DROP TABLE IF EXISTS `craft_taggroups`;


--
-- Schema for table `craft_taggroups`
--
CREATE TABLE `craft_taggroups` (
  `id` int(11) NOT NULL AUTO_INCREMENT,
  `name` varchar(255) COLLATE utf8_unicode_ci NOT NULL,
  `handle` varchar(255) COLLATE utf8_unicode_ci NOT NULL,
  `fieldLayoutId` int(10) DEFAULT NULL,
  `dateCreated` datetime NOT NULL,
  `dateUpdated` datetime NOT NULL,
  `uid` char(36) COLLATE utf8_unicode_ci NOT NULL DEFAULT '0',
  PRIMARY KEY (`id`),
  UNIQUE KEY `craft_taggroups_name_unq_idx` (`name`),
  UNIQUE KEY `craft_taggroups_handle_unq_idx` (`handle`),
  KEY `craft_taggroups_fieldLayoutId_fk` (`fieldLayoutId`)
) ENGINE=InnoDB AUTO_INCREMENT=9 DEFAULT CHARSET=utf8 COLLATE=utf8_unicode_ci;

--
-- Data for table `craft_taggroups`
--

INSERT INTO `craft_taggroups` (`id`, `name`, `handle`, `fieldLayoutId`, `dateCreated`, `dateUpdated`, `uid`) VALUES
 ('5', 'Maps', 'maps', '11', '2016-08-15 04:57:55', '2016-08-15 04:57:55', '01ac7a93-0c3e-41d4-8bfc-aef7b5dccb6b'),
 ('6', 'Hosts', 'hosts', '68', '2016-09-14 00:42:59', '2016-09-14 00:54:42', '7ce872be-868e-4a57-b7e5-bdd36e7fd665'),
 ('7', 'Event Types', 'eventtypes', '63', '2016-09-14 00:43:14', '2016-09-14 00:43:14', '7a8ad647-00d2-42ed-b098-7bf224a46862'),
 ('8', 'Regions', 'regions', '64', '2016-09-14 00:43:22', '2016-09-14 00:43:22', '82e22ddd-7a9c-42fc-9868-b110014a6ac4');



DROP TABLE IF EXISTS `craft_tags`;


--
-- Schema for table `craft_tags`
--
CREATE TABLE `craft_tags` (
  `id` int(11) NOT NULL,
  `groupId` int(11) NOT NULL,
  `dateCreated` datetime NOT NULL,
  `dateUpdated` datetime NOT NULL,
  `uid` char(36) COLLATE utf8_unicode_ci NOT NULL DEFAULT '0',
  PRIMARY KEY (`id`),
  KEY `craft_tags_groupId_fk` (`groupId`)
) ENGINE=InnoDB DEFAULT CHARSET=utf8 COLLATE=utf8_unicode_ci;

--
-- Data for table `craft_tags`
--

INSERT INTO `craft_tags` (`id`, `groupId`, `dateCreated`, `dateUpdated`, `uid`) VALUES
 ('13', '5', '2016-08-15 05:04:02', '2016-08-15 05:04:02', '5f5b342a-f521-49d9-b59e-76af1a9d2ff7'),
 ('14', '5', '2016-08-15 05:04:06', '2016-08-15 05:04:06', 'fb86b0e7-aa7b-40f2-bf77-ed3c0d61baa2'),
 ('15', '5', '2016-08-15 05:04:08', '2016-08-15 05:04:08', '6654062b-ada0-48b4-8776-0b7d33fbaab8'),
 ('16', '5', '2016-08-15 05:04:47', '2016-08-15 05:04:47', 'c0848986-3c67-4574-a3db-0cf9928c75b9'),
 ('17', '5', '2016-08-15 05:04:58', '2016-08-15 05:04:58', '38deefd2-61a2-4345-8774-4d1357e9511f'),
 ('18', '5', '2016-08-15 05:05:04', '2016-08-15 05:05:04', '53357d04-bb29-4959-aa3a-3caf925a9e9c'),
 ('19', '5', '2016-08-15 05:05:06', '2016-08-15 05:05:06', 'dc3d65a3-1eed-4658-a613-b915843cc281'),
 ('76', '6', '2016-09-14 00:48:52', '2016-09-14 00:54:51', 'ccb43a5b-e29a-48c3-af1d-974a38113415'),
 ('77', '8', '2016-09-14 00:48:56', '2016-09-14 00:53:33', '8f982520-f404-425c-bb2c-f5fff689bcd3'),
 ('78', '7', '2016-09-14 00:49:01', '2016-09-14 00:49:01', '6538259d-1fb9-49af-8b10-c61d48071fce'),
 ('79', '6', '2016-09-14 00:50:04', '2016-09-14 00:50:04', '485ae00d-0131-4117-886c-3817c36f3cb9'),
 ('80', '7', '2016-09-14 00:50:17', '2016-09-14 00:50:17', 'a59f5423-8f4f-45fa-885a-85e82f02d7a0'),
 ('81', '6', '2016-09-14 00:50:25', '2016-09-14 00:50:25', '067e3195-b4f6-4f8a-bc7a-3c826b94e952'),
 ('82', '8', '2016-09-14 00:50:28', '2016-09-14 00:50:28', '424c3364-ac9a-4fb8-956f-f6c94ae9c6ea'),
 ('83', '8', '2016-09-14 00:53:43', '2016-09-14 00:53:43', '2da75e20-22cc-41fd-9c8c-92469a80501a'),
 ('84', '8', '2016-09-14 00:53:52', '2016-09-14 00:53:52', '1898071d-db24-412a-b09f-acf8ceaf2d94'),
 ('85', '8', '2016-09-14 00:54:02', '2016-09-14 00:54:02', '9177f7ec-0e7c-4921-86f9-df9958241496');



DROP TABLE IF EXISTS `craft_tasks`;


--
-- Schema for table `craft_tasks`
--
CREATE TABLE `craft_tasks` (
  `id` int(11) NOT NULL AUTO_INCREMENT,
  `root` int(11) unsigned DEFAULT NULL,
  `lft` int(11) unsigned NOT NULL,
  `rgt` int(11) unsigned NOT NULL,
  `level` smallint(6) unsigned NOT NULL,
  `currentStep` int(11) unsigned DEFAULT NULL,
  `totalSteps` int(11) unsigned DEFAULT NULL,
  `status` enum('pending','error','running') COLLATE utf8_unicode_ci DEFAULT NULL,
  `type` varchar(150) COLLATE utf8_unicode_ci NOT NULL,
  `description` varchar(255) COLLATE utf8_unicode_ci DEFAULT NULL,
  `settings` mediumtext COLLATE utf8_unicode_ci,
  `dateCreated` datetime NOT NULL,
  `dateUpdated` datetime NOT NULL,
  `uid` char(36) COLLATE utf8_unicode_ci NOT NULL DEFAULT '0',
  PRIMARY KEY (`id`),
  KEY `craft_tasks_root_idx` (`root`),
  KEY `craft_tasks_lft_idx` (`lft`),
  KEY `craft_tasks_rgt_idx` (`rgt`),
  KEY `craft_tasks_level_idx` (`level`)
) ENGINE=InnoDB DEFAULT CHARSET=utf8 COLLATE=utf8_unicode_ci;

DROP TABLE IF EXISTS `craft_templatecachecriteria`;


--
-- Schema for table `craft_templatecachecriteria`
--
CREATE TABLE `craft_templatecachecriteria` (
  `id` int(11) NOT NULL AUTO_INCREMENT,
  `cacheId` int(11) NOT NULL,
  `type` varchar(150) COLLATE utf8_unicode_ci NOT NULL,
  `criteria` text COLLATE utf8_unicode_ci NOT NULL,
  PRIMARY KEY (`id`),
  KEY `craft_templatecachecriteria_cacheId_fk` (`cacheId`),
  KEY `craft_templatecachecriteria_type_idx` (`type`)
) ENGINE=InnoDB DEFAULT CHARSET=utf8 COLLATE=utf8_unicode_ci;

DROP TABLE IF EXISTS `craft_templatecacheelements`;


--
-- Schema for table `craft_templatecacheelements`
--
CREATE TABLE `craft_templatecacheelements` (
  `cacheId` int(11) NOT NULL,
  `elementId` int(11) NOT NULL,
  KEY `craft_templatecacheelements_cacheId_fk` (`cacheId`),
  KEY `craft_templatecacheelements_elementId_fk` (`elementId`)
) ENGINE=InnoDB DEFAULT CHARSET=utf8 COLLATE=utf8_unicode_ci;

DROP TABLE IF EXISTS `craft_templatecaches`;


--
-- Schema for table `craft_templatecaches`
--
CREATE TABLE `craft_templatecaches` (
  `id` int(11) NOT NULL AUTO_INCREMENT,
  `cacheKey` varchar(255) COLLATE utf8_unicode_ci NOT NULL,
  `locale` char(12) COLLATE utf8_unicode_ci NOT NULL,
  `path` varchar(255) COLLATE utf8_unicode_ci DEFAULT NULL,
  `expiryDate` datetime NOT NULL,
  `body` mediumtext COLLATE utf8_unicode_ci NOT NULL,
  PRIMARY KEY (`id`),
  KEY `craft_templatecaches_expiryDate_cacheKey_locale_path_idx` (`expiryDate`,`cacheKey`,`locale`,`path`),
  KEY `craft_templatecaches_locale_fk` (`locale`)
) ENGINE=InnoDB DEFAULT CHARSET=utf8 COLLATE=utf8_unicode_ci;

DROP TABLE IF EXISTS `craft_tokens`;


--
-- Schema for table `craft_tokens`
--
CREATE TABLE `craft_tokens` (
  `id` int(11) NOT NULL AUTO_INCREMENT,
  `token` char(32) COLLATE utf8_unicode_ci NOT NULL,
  `route` text COLLATE utf8_unicode_ci,
  `usageLimit` tinyint(3) unsigned DEFAULT NULL,
  `usageCount` tinyint(3) unsigned DEFAULT NULL,
  `expiryDate` datetime NOT NULL,
  `dateCreated` datetime NOT NULL,
  `dateUpdated` datetime NOT NULL,
  `uid` char(36) COLLATE utf8_unicode_ci NOT NULL DEFAULT '0',
  PRIMARY KEY (`id`),
  UNIQUE KEY `craft_tokens_token_unq_idx` (`token`),
  KEY `craft_tokens_expiryDate_idx` (`expiryDate`)
) ENGINE=InnoDB DEFAULT CHARSET=utf8 COLLATE=utf8_unicode_ci;

DROP TABLE IF EXISTS `craft_usergroups`;


--
-- Schema for table `craft_usergroups`
--
CREATE TABLE `craft_usergroups` (
  `id` int(11) NOT NULL AUTO_INCREMENT,
  `name` varchar(255) COLLATE utf8_unicode_ci NOT NULL,
  `handle` varchar(255) COLLATE utf8_unicode_ci NOT NULL,
  `dateCreated` datetime NOT NULL,
  `dateUpdated` datetime NOT NULL,
  `uid` char(36) COLLATE utf8_unicode_ci NOT NULL DEFAULT '0',
  PRIMARY KEY (`id`)
) ENGINE=InnoDB DEFAULT CHARSET=utf8 COLLATE=utf8_unicode_ci;

DROP TABLE IF EXISTS `craft_usergroups_users`;


--
-- Schema for table `craft_usergroups_users`
--
CREATE TABLE `craft_usergroups_users` (
  `id` int(11) NOT NULL AUTO_INCREMENT,
  `groupId` int(11) NOT NULL,
  `userId` int(11) NOT NULL,
  `dateCreated` datetime NOT NULL,
  `dateUpdated` datetime NOT NULL,
  `uid` char(36) COLLATE utf8_unicode_ci NOT NULL DEFAULT '0',
  PRIMARY KEY (`id`),
  UNIQUE KEY `craft_usergroups_users_groupId_userId_unq_idx` (`groupId`,`userId`),
  KEY `craft_usergroups_users_userId_fk` (`userId`)
) ENGINE=InnoDB DEFAULT CHARSET=utf8 COLLATE=utf8_unicode_ci;

DROP TABLE IF EXISTS `craft_userpermissions`;


--
-- Schema for table `craft_userpermissions`
--
CREATE TABLE `craft_userpermissions` (
  `id` int(11) NOT NULL AUTO_INCREMENT,
  `name` varchar(255) COLLATE utf8_unicode_ci NOT NULL,
  `dateCreated` datetime NOT NULL,
  `dateUpdated` datetime NOT NULL,
  `uid` char(36) COLLATE utf8_unicode_ci NOT NULL DEFAULT '0',
  PRIMARY KEY (`id`),
  UNIQUE KEY `craft_userpermissions_name_unq_idx` (`name`)
) ENGINE=InnoDB DEFAULT CHARSET=utf8 COLLATE=utf8_unicode_ci;

DROP TABLE IF EXISTS `craft_userpermissions_usergroups`;


--
-- Schema for table `craft_userpermissions_usergroups`
--
CREATE TABLE `craft_userpermissions_usergroups` (
  `id` int(11) NOT NULL AUTO_INCREMENT,
  `permissionId` int(11) NOT NULL,
  `groupId` int(11) NOT NULL,
  `dateCreated` datetime NOT NULL,
  `dateUpdated` datetime NOT NULL,
  `uid` char(36) COLLATE utf8_unicode_ci NOT NULL DEFAULT '0',
  PRIMARY KEY (`id`),
  UNIQUE KEY `craft_userpermissions_usergroups_permissionId_groupId_unq_idx` (`permissionId`,`groupId`),
  KEY `craft_userpermissions_usergroups_groupId_fk` (`groupId`)
) ENGINE=InnoDB DEFAULT CHARSET=utf8 COLLATE=utf8_unicode_ci;

DROP TABLE IF EXISTS `craft_userpermissions_users`;


--
-- Schema for table `craft_userpermissions_users`
--
CREATE TABLE `craft_userpermissions_users` (
  `id` int(11) NOT NULL AUTO_INCREMENT,
  `permissionId` int(11) NOT NULL,
  `userId` int(11) NOT NULL,
  `dateCreated` datetime NOT NULL,
  `dateUpdated` datetime NOT NULL,
  `uid` char(36) COLLATE utf8_unicode_ci NOT NULL DEFAULT '0',
  PRIMARY KEY (`id`),
  UNIQUE KEY `craft_userpermissions_users_permissionId_userId_unq_idx` (`permissionId`,`userId`),
  KEY `craft_userpermissions_users_userId_fk` (`userId`)
) ENGINE=InnoDB DEFAULT CHARSET=utf8 COLLATE=utf8_unicode_ci;

DROP TABLE IF EXISTS `craft_users`;


--
-- Schema for table `craft_users`
--
CREATE TABLE `craft_users` (
  `id` int(11) NOT NULL,
  `username` varchar(100) COLLATE utf8_unicode_ci NOT NULL,
  `photo` varchar(100) COLLATE utf8_unicode_ci DEFAULT NULL,
  `firstName` varchar(100) COLLATE utf8_unicode_ci DEFAULT NULL,
  `lastName` varchar(100) COLLATE utf8_unicode_ci DEFAULT NULL,
  `email` varchar(255) COLLATE utf8_unicode_ci NOT NULL,
  `password` char(255) COLLATE utf8_unicode_ci DEFAULT NULL,
  `preferredLocale` char(12) COLLATE utf8_unicode_ci DEFAULT NULL,
  `weekStartDay` tinyint(1) unsigned NOT NULL DEFAULT '0',
  `admin` tinyint(1) unsigned NOT NULL DEFAULT '0',
  `client` tinyint(1) unsigned NOT NULL DEFAULT '0',
  `locked` tinyint(1) unsigned NOT NULL DEFAULT '0',
  `suspended` tinyint(1) unsigned NOT NULL DEFAULT '0',
  `pending` tinyint(1) unsigned NOT NULL DEFAULT '0',
  `archived` tinyint(1) unsigned NOT NULL DEFAULT '0',
  `lastLoginDate` datetime DEFAULT NULL,
  `lastLoginAttemptIPAddress` varchar(45) COLLATE utf8_unicode_ci DEFAULT NULL,
  `invalidLoginWindowStart` datetime DEFAULT NULL,
  `invalidLoginCount` tinyint(4) unsigned DEFAULT NULL,
  `lastInvalidLoginDate` datetime DEFAULT NULL,
  `lockoutDate` datetime DEFAULT NULL,
  `verificationCode` char(100) COLLATE utf8_unicode_ci DEFAULT NULL,
  `verificationCodeIssuedDate` datetime DEFAULT NULL,
  `unverifiedEmail` varchar(255) COLLATE utf8_unicode_ci DEFAULT NULL,
  `passwordResetRequired` tinyint(1) unsigned NOT NULL DEFAULT '0',
  `lastPasswordChangeDate` datetime DEFAULT NULL,
  `dateCreated` datetime NOT NULL,
  `dateUpdated` datetime NOT NULL,
  `uid` char(36) COLLATE utf8_unicode_ci NOT NULL DEFAULT '0',
  PRIMARY KEY (`id`),
  UNIQUE KEY `craft_users_username_unq_idx` (`username`),
  UNIQUE KEY `craft_users_email_unq_idx` (`email`),
  KEY `craft_users_verificationCode_idx` (`verificationCode`),
  KEY `craft_users_uid_idx` (`uid`),
  KEY `craft_users_preferredLocale_fk` (`preferredLocale`)
) ENGINE=InnoDB DEFAULT CHARSET=utf8 COLLATE=utf8_unicode_ci;

--
-- Data for table `craft_users`
--

INSERT INTO `craft_users` (`id`, `username`, `photo`, `firstName`, `lastName`, `email`, `password`, `preferredLocale`, `weekStartDay`, `admin`, `client`, `locked`, `suspended`, `pending`, `archived`, `lastLoginDate`, `lastLoginAttemptIPAddress`, `invalidLoginWindowStart`, `invalidLoginCount`, `lastInvalidLoginDate`, `lockoutDate`, `verificationCode`, `verificationCodeIssuedDate`, `unverifiedEmail`, `passwordResetRequired`, `lastPasswordChangeDate`, `dateCreated`, `dateUpdated`, `uid`) VALUES
 ('1', 'madcitygg', '184x184.jpg', 'Mad', 'City', 'eric@madcity.gg', '$2y$13$IHNSEVeskNN8WSi/kqo9yuqWBJZKzLB.R9rPH2/01GLFx6p5Gp39a', NULL, '0', '1', '0', '0', '0', '0', '0', '2016-09-21 00:32:52', '127.0.0.1', NULL, NULL, '2016-08-15 04:36:06', NULL, NULL, NULL, NULL, '0', '2016-07-09 03:24:16', '2016-07-09 03:24:16', '2016-09-21 00:32:52', '26968918-47a5-4ff2-8151-a7662d7f7b4d');



DROP TABLE IF EXISTS `craft_widgets`;


--
-- Schema for table `craft_widgets`
--
CREATE TABLE `craft_widgets` (
  `id` int(11) NOT NULL AUTO_INCREMENT,
  `userId` int(11) NOT NULL,
  `type` varchar(150) COLLATE utf8_unicode_ci NOT NULL,
  `sortOrder` smallint(6) unsigned DEFAULT NULL,
  `colspan` tinyint(4) unsigned DEFAULT NULL,
  `settings` text COLLATE utf8_unicode_ci,
  `enabled` tinyint(1) unsigned NOT NULL DEFAULT '1',
  `dateCreated` datetime NOT NULL,
  `dateUpdated` datetime NOT NULL,
  `uid` char(36) COLLATE utf8_unicode_ci NOT NULL DEFAULT '0',
  PRIMARY KEY (`id`),
  KEY `craft_widgets_userId_fk` (`userId`)
) ENGINE=InnoDB AUTO_INCREMENT=5 DEFAULT CHARSET=utf8 COLLATE=utf8_unicode_ci;

--
-- Data for table `craft_widgets`
--

INSERT INTO `craft_widgets` (`id`, `userId`, `type`, `sortOrder`, `colspan`, `settings`, `enabled`, `dateCreated`, `dateUpdated`, `uid`) VALUES
 ('1', '1', 'RecentEntries', '1', '3', '{\"section\":\"2\",\"limit\":\"10\"}', '1', '2016-07-09 03:24:19', '2016-08-15 05:49:08', 'f32fceb3-0726-4395-8750-659773f53e7b'),
 ('2', '1', 'GetHelp', '2', '1', NULL, '1', '2016-07-09 03:24:19', '2016-08-15 05:48:59', '75013526-32b6-428e-a634-e81cd611ff19'),
 ('3', '1', 'Updates', '3', '1', NULL, '1', '2016-07-09 03:24:19', '2016-08-15 05:49:05', 'b8f66a6c-c097-40e7-be22-58d8bd4bf4c0'),
 ('4', '1', 'Feed', '4', '1', '{\"url\":\"https:\\/\\/craftcms.com\\/news.rss\",\"title\":\"Craft News\"}', '1', '2016-07-09 03:24:19', '2016-08-15 05:48:57', '32520977-4e69-479f-8477-cdfc43949407');


--
-- Constraints for tables
--


--
-- Constraints for table `craft_assetfiles`
--
ALTER TABLE `craft_assetfiles`
	ADD CONSTRAINT `craft_assetfiles_folderId_fk` FOREIGN KEY (`folderId`) REFERENCES `craft_assetfolders` (`id`) ON DELETE CASCADE,
	ADD CONSTRAINT `craft_assetfiles_id_fk` FOREIGN KEY (`id`) REFERENCES `craft_elements` (`id`) ON DELETE CASCADE,
	ADD CONSTRAINT `craft_assetfiles_sourceId_fk` FOREIGN KEY (`sourceId`) REFERENCES `craft_assetsources` (`id`) ON DELETE CASCADE;

--
-- Constraints for table `craft_assetfolders`
--
ALTER TABLE `craft_assetfolders`
	ADD CONSTRAINT `craft_assetfolders_parentId_fk` FOREIGN KEY (`parentId`) REFERENCES `craft_assetfolders` (`id`) ON DELETE CASCADE,
	ADD CONSTRAINT `craft_assetfolders_sourceId_fk` FOREIGN KEY (`sourceId`) REFERENCES `craft_assetsources` (`id`) ON DELETE CASCADE;

--
-- Constraints for table `craft_assetindexdata`
--
ALTER TABLE `craft_assetindexdata`
	ADD CONSTRAINT `craft_assetindexdata_sourceId_fk` FOREIGN KEY (`sourceId`) REFERENCES `craft_assetsources` (`id`) ON DELETE CASCADE;

--
-- Constraints for table `craft_assetsources`
--
ALTER TABLE `craft_assetsources`
	ADD CONSTRAINT `craft_assetsources_fieldLayoutId_fk` FOREIGN KEY (`fieldLayoutId`) REFERENCES `craft_fieldlayouts` (`id`) ON DELETE SET NULL;

--
-- Constraints for table `craft_categories`
--
ALTER TABLE `craft_categories`
	ADD CONSTRAINT `craft_categories_groupId_fk` FOREIGN KEY (`groupId`) REFERENCES `craft_categorygroups` (`id`) ON DELETE CASCADE,
	ADD CONSTRAINT `craft_categories_id_fk` FOREIGN KEY (`id`) REFERENCES `craft_elements` (`id`) ON DELETE CASCADE;

--
-- Constraints for table `craft_categorygroups`
--
ALTER TABLE `craft_categorygroups`
	ADD CONSTRAINT `craft_categorygroups_fieldLayoutId_fk` FOREIGN KEY (`fieldLayoutId`) REFERENCES `craft_fieldlayouts` (`id`) ON DELETE SET NULL,
	ADD CONSTRAINT `craft_categorygroups_structureId_fk` FOREIGN KEY (`structureId`) REFERENCES `craft_structures` (`id`) ON DELETE CASCADE;

--
-- Constraints for table `craft_categorygroups_i18n`
--
ALTER TABLE `craft_categorygroups_i18n`
	ADD CONSTRAINT `craft_categorygroups_i18n_groupId_fk` FOREIGN KEY (`groupId`) REFERENCES `craft_categorygroups` (`id`) ON DELETE CASCADE,
	ADD CONSTRAINT `craft_categorygroups_i18n_locale_fk` FOREIGN KEY (`locale`) REFERENCES `craft_locales` (`locale`) ON DELETE CASCADE ON UPDATE CASCADE;

--
-- Constraints for table `craft_content`
--
ALTER TABLE `craft_content`
	ADD CONSTRAINT `craft_content_elementId_fk` FOREIGN KEY (`elementId`) REFERENCES `craft_elements` (`id`) ON DELETE CASCADE,
	ADD CONSTRAINT `craft_content_locale_fk` FOREIGN KEY (`locale`) REFERENCES `craft_locales` (`locale`) ON DELETE CASCADE ON UPDATE CASCADE;

--
-- Constraints for table `craft_elements_i18n`
--
ALTER TABLE `craft_elements_i18n`
	ADD CONSTRAINT `craft_elements_i18n_elementId_fk` FOREIGN KEY (`elementId`) REFERENCES `craft_elements` (`id`) ON DELETE CASCADE,
	ADD CONSTRAINT `craft_elements_i18n_locale_fk` FOREIGN KEY (`locale`) REFERENCES `craft_locales` (`locale`) ON DELETE CASCADE ON UPDATE CASCADE;

--
-- Constraints for table `craft_emailmessages`
--
ALTER TABLE `craft_emailmessages`
	ADD CONSTRAINT `craft_emailmessages_locale_fk` FOREIGN KEY (`locale`) REFERENCES `craft_locales` (`locale`) ON DELETE CASCADE ON UPDATE CASCADE;

--
-- Constraints for table `craft_entries`
--
ALTER TABLE `craft_entries`
	ADD CONSTRAINT `craft_entries_authorId_fk` FOREIGN KEY (`authorId`) REFERENCES `craft_users` (`id`) ON DELETE CASCADE,
	ADD CONSTRAINT `craft_entries_id_fk` FOREIGN KEY (`id`) REFERENCES `craft_elements` (`id`) ON DELETE CASCADE,
	ADD CONSTRAINT `craft_entries_sectionId_fk` FOREIGN KEY (`sectionId`) REFERENCES `craft_sections` (`id`) ON DELETE CASCADE,
	ADD CONSTRAINT `craft_entries_typeId_fk` FOREIGN KEY (`typeId`) REFERENCES `craft_entrytypes` (`id`) ON DELETE CASCADE;

--
-- Constraints for table `craft_entrydrafts`
--
ALTER TABLE `craft_entrydrafts`
	ADD CONSTRAINT `craft_entrydrafts_creatorId_fk` FOREIGN KEY (`creatorId`) REFERENCES `craft_users` (`id`) ON DELETE CASCADE,
	ADD CONSTRAINT `craft_entrydrafts_entryId_fk` FOREIGN KEY (`entryId`) REFERENCES `craft_entries` (`id`) ON DELETE CASCADE,
	ADD CONSTRAINT `craft_entrydrafts_locale_fk` FOREIGN KEY (`locale`) REFERENCES `craft_locales` (`locale`) ON DELETE CASCADE ON UPDATE CASCADE,
	ADD CONSTRAINT `craft_entrydrafts_sectionId_fk` FOREIGN KEY (`sectionId`) REFERENCES `craft_sections` (`id`) ON DELETE CASCADE;

--
-- Constraints for table `craft_entrytypes`
--
ALTER TABLE `craft_entrytypes`
	ADD CONSTRAINT `craft_entrytypes_fieldLayoutId_fk` FOREIGN KEY (`fieldLayoutId`) REFERENCES `craft_fieldlayouts` (`id`) ON DELETE SET NULL,
	ADD CONSTRAINT `craft_entrytypes_sectionId_fk` FOREIGN KEY (`sectionId`) REFERENCES `craft_sections` (`id`) ON DELETE CASCADE;

--
-- Constraints for table `craft_entryversions`
--
ALTER TABLE `craft_entryversions`
	ADD CONSTRAINT `craft_entryversions_creatorId_fk` FOREIGN KEY (`creatorId`) REFERENCES `craft_users` (`id`) ON DELETE SET NULL,
	ADD CONSTRAINT `craft_entryversions_entryId_fk` FOREIGN KEY (`entryId`) REFERENCES `craft_entries` (`id`) ON DELETE CASCADE,
	ADD CONSTRAINT `craft_entryversions_locale_fk` FOREIGN KEY (`locale`) REFERENCES `craft_locales` (`locale`) ON DELETE CASCADE ON UPDATE CASCADE,
	ADD CONSTRAINT `craft_entryversions_sectionId_fk` FOREIGN KEY (`sectionId`) REFERENCES `craft_sections` (`id`) ON DELETE CASCADE;

--
-- Constraints for table `craft_fieldlayoutfields`
--
ALTER TABLE `craft_fieldlayoutfields`
	ADD CONSTRAINT `craft_fieldlayoutfields_fieldId_fk` FOREIGN KEY (`fieldId`) REFERENCES `craft_fields` (`id`) ON DELETE CASCADE,
	ADD CONSTRAINT `craft_fieldlayoutfields_layoutId_fk` FOREIGN KEY (`layoutId`) REFERENCES `craft_fieldlayouts` (`id`) ON DELETE CASCADE,
	ADD CONSTRAINT `craft_fieldlayoutfields_tabId_fk` FOREIGN KEY (`tabId`) REFERENCES `craft_fieldlayouttabs` (`id`) ON DELETE CASCADE;

--
-- Constraints for table `craft_fieldlayouttabs`
--
ALTER TABLE `craft_fieldlayouttabs`
	ADD CONSTRAINT `craft_fieldlayouttabs_layoutId_fk` FOREIGN KEY (`layoutId`) REFERENCES `craft_fieldlayouts` (`id`) ON DELETE CASCADE;

--
-- Constraints for table `craft_fields`
--
ALTER TABLE `craft_fields`
	ADD CONSTRAINT `craft_fields_groupId_fk` FOREIGN KEY (`groupId`) REFERENCES `craft_fieldgroups` (`id`) ON DELETE CASCADE;

--
-- Constraints for table `craft_globalsets`
--
ALTER TABLE `craft_globalsets`
	ADD CONSTRAINT `craft_globalsets_fieldLayoutId_fk` FOREIGN KEY (`fieldLayoutId`) REFERENCES `craft_fieldlayouts` (`id`) ON DELETE SET NULL,
	ADD CONSTRAINT `craft_globalsets_id_fk` FOREIGN KEY (`id`) REFERENCES `craft_elements` (`id`) ON DELETE CASCADE;

--
-- Constraints for table `craft_matrixblocks`
--
ALTER TABLE `craft_matrixblocks`
	ADD CONSTRAINT `craft_matrixblocks_fieldId_fk` FOREIGN KEY (`fieldId`) REFERENCES `craft_fields` (`id`) ON DELETE CASCADE,
	ADD CONSTRAINT `craft_matrixblocks_id_fk` FOREIGN KEY (`id`) REFERENCES `craft_elements` (`id`) ON DELETE CASCADE,
	ADD CONSTRAINT `craft_matrixblocks_ownerId_fk` FOREIGN KEY (`ownerId`) REFERENCES `craft_elements` (`id`) ON DELETE CASCADE,
	ADD CONSTRAINT `craft_matrixblocks_ownerLocale_fk` FOREIGN KEY (`ownerLocale`) REFERENCES `craft_locales` (`locale`) ON DELETE CASCADE ON UPDATE CASCADE,
	ADD CONSTRAINT `craft_matrixblocks_typeId_fk` FOREIGN KEY (`typeId`) REFERENCES `craft_matrixblocktypes` (`id`) ON DELETE CASCADE;

--
-- Constraints for table `craft_matrixblocktypes`
--
ALTER TABLE `craft_matrixblocktypes`
	ADD CONSTRAINT `craft_matrixblocktypes_fieldId_fk` FOREIGN KEY (`fieldId`) REFERENCES `craft_fields` (`id`) ON DELETE CASCADE,
	ADD CONSTRAINT `craft_matrixblocktypes_fieldLayoutId_fk` FOREIGN KEY (`fieldLayoutId`) REFERENCES `craft_fieldlayouts` (`id`) ON DELETE SET NULL;

--
-- Constraints for table `craft_matrixcontent_bracketembeds`
--
ALTER TABLE `craft_matrixcontent_bracketembeds`
	ADD CONSTRAINT `craft_matrixcontent_bracketembeds_elementId_fk` FOREIGN KEY (`elementId`) REFERENCES `craft_elements` (`id`) ON DELETE CASCADE,
	ADD CONSTRAINT `craft_matrixcontent_bracketembeds_locale_fk` FOREIGN KEY (`locale`) REFERENCES `craft_locales` (`locale`) ON DELETE CASCADE ON UPDATE CASCADE;

--
-- Constraints for table `craft_matrixcontent_entrycosts`
--
ALTER TABLE `craft_matrixcontent_entrycosts`
	ADD CONSTRAINT `craft_matrixcontent_entrycosts_elementId_fk` FOREIGN KEY (`elementId`) REFERENCES `craft_elements` (`id`) ON DELETE CASCADE,
	ADD CONSTRAINT `craft_matrixcontent_entrycosts_locale_fk` FOREIGN KEY (`locale`) REFERENCES `craft_locales` (`locale`) ON DELETE CASCADE ON UPDATE CASCADE;

--
-- Constraints for table `craft_matrixcontent_placements`
--
ALTER TABLE `craft_matrixcontent_placements`
	ADD CONSTRAINT `craft_matrixcontent_placements_elementId_fk` FOREIGN KEY (`elementId`) REFERENCES `craft_elements` (`id`) ON DELETE CASCADE,
	ADD CONSTRAINT `craft_matrixcontent_placements_locale_fk` FOREIGN KEY (`locale`) REFERENCES `craft_locales` (`locale`) ON DELETE CASCADE ON UPDATE CASCADE;

--
-- Constraints for table `craft_matrixcontent_prizes`
--
ALTER TABLE `craft_matrixcontent_prizes`
	ADD CONSTRAINT `craft_matrixcontent_prizes_elementId_fk` FOREIGN KEY (`elementId`) REFERENCES `craft_elements` (`id`) ON DELETE CASCADE,
	ADD CONSTRAINT `craft_matrixcontent_prizes_locale_fk` FOREIGN KEY (`locale`) REFERENCES `craft_locales` (`locale`) ON DELETE CASCADE ON UPDATE CASCADE;

--
-- Constraints for table `craft_matrixcontent_promotionallinks`
--
ALTER TABLE `craft_matrixcontent_promotionallinks`
	ADD CONSTRAINT `craft_matrixcontent_promotionallinks_elementId_fk` FOREIGN KEY (`elementId`) REFERENCES `craft_elements` (`id`) ON DELETE CASCADE,
	ADD CONSTRAINT `craft_matrixcontent_promotionallinks_locale_fk` FOREIGN KEY (`locale`) REFERENCES `craft_locales` (`locale`) ON DELETE CASCADE ON UPDATE CASCADE;

--
-- Constraints for table `craft_migrations`
--
ALTER TABLE `craft_migrations`
	ADD CONSTRAINT `craft_migrations_pluginId_fk` FOREIGN KEY (`pluginId`) REFERENCES `craft_plugins` (`id`) ON DELETE CASCADE;

--
-- Constraints for table `craft_relations`
--
ALTER TABLE `craft_relations`
	ADD CONSTRAINT `craft_relations_fieldId_fk` FOREIGN KEY (`fieldId`) REFERENCES `craft_fields` (`id`) ON DELETE CASCADE,
	ADD CONSTRAINT `craft_relations_sourceId_fk` FOREIGN KEY (`sourceId`) REFERENCES `craft_elements` (`id`) ON DELETE CASCADE,
	ADD CONSTRAINT `craft_relations_sourceLocale_fk` FOREIGN KEY (`sourceLocale`) REFERENCES `craft_locales` (`locale`) ON DELETE CASCADE ON UPDATE CASCADE,
	ADD CONSTRAINT `craft_relations_targetId_fk` FOREIGN KEY (`targetId`) REFERENCES `craft_elements` (`id`) ON DELETE CASCADE;

--
-- Constraints for table `craft_routes`
--
ALTER TABLE `craft_routes`
	ADD CONSTRAINT `craft_routes_locale_fk` FOREIGN KEY (`locale`) REFERENCES `craft_locales` (`locale`) ON DELETE CASCADE ON UPDATE CASCADE;

--
-- Constraints for table `craft_sections`
--
ALTER TABLE `craft_sections`
	ADD CONSTRAINT `craft_sections_structureId_fk` FOREIGN KEY (`structureId`) REFERENCES `craft_structures` (`id`) ON DELETE SET NULL;

--
-- Constraints for table `craft_sections_i18n`
--
ALTER TABLE `craft_sections_i18n`
	ADD CONSTRAINT `craft_sections_i18n_locale_fk` FOREIGN KEY (`locale`) REFERENCES `craft_locales` (`locale`) ON DELETE CASCADE ON UPDATE CASCADE,
	ADD CONSTRAINT `craft_sections_i18n_sectionId_fk` FOREIGN KEY (`sectionId`) REFERENCES `craft_sections` (`id`) ON DELETE CASCADE;

--
-- Constraints for table `craft_sessions`
--
ALTER TABLE `craft_sessions`
	ADD CONSTRAINT `craft_sessions_userId_fk` FOREIGN KEY (`userId`) REFERENCES `craft_users` (`id`) ON DELETE CASCADE;

--
-- Constraints for table `craft_shunnedmessages`
--
ALTER TABLE `craft_shunnedmessages`
	ADD CONSTRAINT `craft_shunnedmessages_userId_fk` FOREIGN KEY (`userId`) REFERENCES `craft_users` (`id`) ON DELETE CASCADE;

--
-- Constraints for table `craft_structureelements`
--
ALTER TABLE `craft_structureelements`
	ADD CONSTRAINT `craft_structureelements_elementId_fk` FOREIGN KEY (`elementId`) REFERENCES `craft_elements` (`id`) ON DELETE CASCADE,
	ADD CONSTRAINT `craft_structureelements_structureId_fk` FOREIGN KEY (`structureId`) REFERENCES `craft_structures` (`id`) ON DELETE CASCADE;

--
-- Constraints for table `craft_taggroups`
--
ALTER TABLE `craft_taggroups`
	ADD CONSTRAINT `craft_taggroups_fieldLayoutId_fk` FOREIGN KEY (`fieldLayoutId`) REFERENCES `craft_fieldlayouts` (`id`) ON DELETE SET NULL;

--
-- Constraints for table `craft_tags`
--
ALTER TABLE `craft_tags`
	ADD CONSTRAINT `craft_tags_groupId_fk` FOREIGN KEY (`groupId`) REFERENCES `craft_taggroups` (`id`) ON DELETE CASCADE,
	ADD CONSTRAINT `craft_tags_id_fk` FOREIGN KEY (`id`) REFERENCES `craft_elements` (`id`) ON DELETE CASCADE;

--
-- Constraints for table `craft_templatecachecriteria`
--
ALTER TABLE `craft_templatecachecriteria`
	ADD CONSTRAINT `craft_templatecachecriteria_cacheId_fk` FOREIGN KEY (`cacheId`) REFERENCES `craft_templatecaches` (`id`) ON DELETE CASCADE;

--
-- Constraints for table `craft_templatecacheelements`
--
ALTER TABLE `craft_templatecacheelements`
	ADD CONSTRAINT `craft_templatecacheelements_cacheId_fk` FOREIGN KEY (`cacheId`) REFERENCES `craft_templatecaches` (`id`) ON DELETE CASCADE,
	ADD CONSTRAINT `craft_templatecacheelements_elementId_fk` FOREIGN KEY (`elementId`) REFERENCES `craft_elements` (`id`) ON DELETE CASCADE;

--
-- Constraints for table `craft_templatecaches`
--
ALTER TABLE `craft_templatecaches`
	ADD CONSTRAINT `craft_templatecaches_locale_fk` FOREIGN KEY (`locale`) REFERENCES `craft_locales` (`locale`) ON DELETE CASCADE ON UPDATE CASCADE;

--
-- Constraints for table `craft_usergroups_users`
--
ALTER TABLE `craft_usergroups_users`
	ADD CONSTRAINT `craft_usergroups_users_groupId_fk` FOREIGN KEY (`groupId`) REFERENCES `craft_usergroups` (`id`) ON DELETE CASCADE,
	ADD CONSTRAINT `craft_usergroups_users_userId_fk` FOREIGN KEY (`userId`) REFERENCES `craft_users` (`id`) ON DELETE CASCADE;

--
-- Constraints for table `craft_userpermissions_usergroups`
--
ALTER TABLE `craft_userpermissions_usergroups`
	ADD CONSTRAINT `craft_userpermissions_usergroups_groupId_fk` FOREIGN KEY (`groupId`) REFERENCES `craft_usergroups` (`id`) ON DELETE CASCADE,
	ADD CONSTRAINT `craft_userpermissions_usergroups_permissionId_fk` FOREIGN KEY (`permissionId`) REFERENCES `craft_userpermissions` (`id`) ON DELETE CASCADE;

--
-- Constraints for table `craft_userpermissions_users`
--
ALTER TABLE `craft_userpermissions_users`
	ADD CONSTRAINT `craft_userpermissions_users_permissionId_fk` FOREIGN KEY (`permissionId`) REFERENCES `craft_userpermissions` (`id`) ON DELETE CASCADE,
	ADD CONSTRAINT `craft_userpermissions_users_userId_fk` FOREIGN KEY (`userId`) REFERENCES `craft_users` (`id`) ON DELETE CASCADE;

--
-- Constraints for table `craft_users`
--
ALTER TABLE `craft_users`
	ADD CONSTRAINT `craft_users_id_fk` FOREIGN KEY (`id`) REFERENCES `craft_elements` (`id`) ON DELETE CASCADE,
	ADD CONSTRAINT `craft_users_preferredLocale_fk` FOREIGN KEY (`preferredLocale`) REFERENCES `craft_locales` (`locale`) ON DELETE SET NULL ON UPDATE CASCADE;

--
-- Constraints for table `craft_widgets`
--
ALTER TABLE `craft_widgets`
	ADD CONSTRAINT `craft_widgets_userId_fk` FOREIGN KEY (`userId`) REFERENCES `craft_users` (`id`) ON DELETE CASCADE;

SET FOREIGN_KEY_CHECKS = 1;
